Direction,Result,PnL,RSI,RSICategory,PriceVsEma,DistanceFromEma,WickRatio,BodyRatio,NearBB,Volatility,Trend,Hour,Day,BBPosition
PUT,WIN,10.00,48.6,neutral,at,0.015,51.9,9.9,Yes,low,sideways,7,Mar,middle
CALL,LOSS,-2.26,46.2,neutral,at,0.018,85.8,14.2,No,low,sideways,7,Mar,middle
PUT,WIN,9.01,35.0,lower,below,0.101,53.2,9.7,No,low,down,8,Mar,outside
PUT,LOSS,-6.00,37.8,lower,at,0.091,85.4,2.8,No,low,sideways,9,Mar,middle
CALL,WIN,2.44,51.1,neutral,at,0.022,55.5,8.0,No,low,sideways,9,Mar,outside
PUT,LOSS,-4.58,38.0,lower,below,0.119,51.7,20.0,No,low,down,9,Mar,outside
CALL,WIN,0.71,65.3,upper,above,0.127,63.4,36.6,No,low,up,10,Mar,outside
CALL,WIN,6.44,42.7,neutral,at,0.082,52.1,32.7,No,low,sideways,11,Mar,outside
PUT,WIN,0.34,64.5,upper,at,0.084,65.7,1.0,Yes,low,sideways,11,Mar,middle
PUT,WIN,10.00,49.0,neutral,at,0.011,68.9,0.8,Yes,low,sideways,12,Mar,middle
CALL,WIN,10.00,39.0,lower,at,0.056,74.2,18.3,No,low,sideways,12,Mar,middle
CALL,LOSS,-6.00,59.9,neutral,at,0.076,65.4,0.3,No,low,sideways,13,Mar,middle
CALL,WIN,10.00,48.2,neutral,at,0.020,66.1,33.9,No,medium,sideways,13,Mar,middle
CALL,WIN,2.26,58.2,neutral,at,0.057,62.6,37.4,No,low,sideways,14,Mar,middle
PUT,LOSS,-6.00,48.4,neutral,at,0.026,77.2,11.4,No,low,sideways,14,Mar,middle
CALL,WIN,4.83,62.4,upper,at,0.063,62.0,38.0,No,low,sideways,15,Mar,middle
CALL,LOSS,-1.15,56.9,neutral,at,0.020,67.1,6.3,No,low,sideways,15,Mar,middle
CALL,LOSS,-6.00,50.0,neutral,at,0.002,56.4,20.5,Yes,low,sideways,16,Mar,middle
CALL,WIN,7.01,37.8,lower,at,0.080,51.8,25.3,Yes,low,sideways,16,Mar,outside
PUT,WIN,2.46,65.4,upper,at,0.094,58.6,26.2,Yes,low,sideways,17,Mar,outside
CALL,LOSS,-3.44,48.0,neutral,at,0.002,84.2,15.8,No,low,sideways,17,Mar,middle
CALL,WIN,2.12,42.4,neutral,at,0.031,87.1,11.7,No,low,sideways,18,Mar,middle
CALL,WIN,0.85,48.5,neutral,at,0.010,60.7,39.3,Yes,low,sideways,19,Mar,middle
PUT,WIN,4.42,61.7,upper,at,0.064,59.7,16.0,Yes,low,sideways,19,Mar,middle
PUT,WIN,10.00,49.2,neutral,at,0.000,58.8,17.6,Yes,low,sideways,20,Mar,middle
PUT,LOSS,-6.00,65.8,upper,at,0.091,51.2,1.7,No,low,sideways,23,Mar,outside
CALL,WIN,3.90,66.7,upper,above,0.103,67.7,1.8,No,low,up,23,Mar,outside
PUT,WIN,0.94,62.1,upper,at,0.076,66.7,16.7,Yes,low,sideways,0,Mié,middle
CALL,LOSS,-0.05,51.6,neutral,at,0.010,69.3,30.7,No,low,sideways,1,Mié,middle
PUT,WIN,3.78,51.0,neutral,at,0.018,60.9,22.8,Yes,low,sideways,1,Mié,middle
PUT,WIN,10.00,36.7,lower,at,0.077,72.3,25.7,No,low,sideways,2,Mié,middle
CALL,WIN,2.41,40.1,neutral,at,0.054,52.3,7.2,No,low,sideways,2,Mié,middle
PUT,LOSS,-3.47,59.5,neutral,at,0.054,88.2,11.3,Yes,low,sideways,3,Mié,middle
CALL,LOSS,-6.00,40.3,neutral,at,0.052,58.0,36.6,Yes,low,sideways,3,Mié,lower
PUT,WIN,2.18,41.5,neutral,at,0.060,57.5,32.6,No,low,sideways,4,Mié,middle
CALL,WIN,2.01,41.5,neutral,at,0.056,63.2,36.8,Yes,low,sideways,4,Mié,middle
CALL,WIN,1.49,58.3,neutral,at,0.060,64.3,9.4,No,low,sideways,5,Mié,middle
CALL,WIN,5.53,62.2,upper,at,0.090,79.2,17.4,No,low,sideways,6,Mié,upper
CALL,WIN,7.35,63.9,upper,at,0.059,53.4,27.3,No,low,sideways,6,Mié,middle
CALL,LOSS,-0.01,81.1,overbought,above,0.235,50.8,17.9,No,low,up,7,Mié,outside
CALL,WIN,5.86,62.5,upper,at,0.085,70.4,29.6,No,low,sideways,7,Mié,outside
PUT,LOSS,-3.50,63.6,upper,at,0.047,53.7,14.9,Yes,low,sideways,8,Mié,middle
CALL,WIN,0.13,54.9,neutral,at,0.013,69.6,30.4,Yes,low,sideways,9,Mié,middle
CALL,LOSS,-0.08,69.1,upper,above,0.104,70.8,14.6,No,low,up,9,Mié,upper
PUT,WIN,1.04,61.8,upper,at,0.088,62.3,2.3,Yes,low,sideways,10,Mié,outside
PUT,WIN,2.22,48.5,neutral,at,0.011,59.4,10.4,Yes,low,sideways,10,Mié,middle
PUT,WIN,0.68,38.1,lower,at,0.073,60.0,34.8,No,low,sideways,11,Mié,middle
CALL,WIN,4.35,51.0,neutral,at,0.013,75.9,10.8,Yes,low,sideways,12,Mié,middle
PUT,WIN,3.26,46.0,neutral,at,0.024,90.3,9.7,Yes,low,sideways,12,Mié,middle
PUT,WIN,1.44,44.5,neutral,at,0.031,60.8,11.3,Yes,low,sideways,13,Mié,middle
CALL,LOSS,-4.43,58.0,neutral,at,0.056,74.3,25.7,No,low,sideways,14,Mié,middle
PUT,WIN,0.49,35.2,lower,at,0.094,73.4,24.6,No,low,sideways,14,Mié,outside
CALL,LOSS,-4.75,39.7,lower,at,0.060,57.5,11.7,Yes,low,sideways,15,Mié,middle
CALL,WIN,2.77,34.7,lower,at,0.090,68.8,31.2,No,low,sideways,15,Mié,outside
CALL,LOSS,-2.92,46.7,neutral,at,0.020,68.7,5.4,Yes,low,sideways,16,Mié,middle
PUT,LOSS,-0.62,34.6,lower,at,0.052,54.7,17.2,No,low,sideways,17,Mié,middle
PUT,LOSS,-6.00,55.4,neutral,at,0.044,83.3,16.7,Yes,low,sideways,17,Mié,middle
CALL,LOSS,-6.00,44.9,neutral,at,0.069,56.7,0.0,Yes,medium,sideways,18,Mié,middle
PUT,WIN,10.00,44.1,neutral,at,0.061,57.8,29.0,No,medium,sideways,18,Mié,middle
PUT,LOSS,-6.00,40.0,neutral,below,0.210,59.8,34.8,No,high,down,18,Mié,outside
CALL,LOSS,-6.00,48.0,neutral,at,0.034,55.0,7.7,No,medium,sideways,19,Mié,middle
PUT,WIN,4.62,33.8,lower,below,0.257,62.9,22.5,No,medium,down,19,Mié,outside
CALL,WIN,3.73,43.9,neutral,at,0.070,57.3,31.7,No,medium,sideways,20,Mié,outside
CALL,LOSS,-6.00,43.5,neutral,at,0.069,58.2,29.7,Yes,low,sideways,20,Mié,outside
PUT,LOSS,-6.00,32.1,lower,below,0.133,51.5,19.8,No,low,down,20,Mié,outside
CALL,WIN,1.42,60.4,upper,at,0.055,87.8,12.2,No,low,sideways,23,Mié,middle
CALL,WIN,4.68,54.5,neutral,at,0.033,67.2,25.9,No,low,sideways,23,Mié,middle
CALL,LOSS,-6.00,48.2,neutral,at,0.021,77.2,8.0,Yes,low,sideways,0,Jue,middle
CALL,WIN,0.04,41.6,neutral,at,0.070,59.4,15.2,No,low,sideways,0,Jue,outside
CALL,LOSS,-2.43,55.2,neutral,at,0.066,69.3,22.1,No,low,sideways,1,Jue,middle
CALL,LOSS,-6.00,41.1,neutral,at,0.073,53.6,5.2,Yes,low,sideways,1,Jue,middle
PUT,LOSS,-2.28,28.7,oversold,below,0.233,67.7,8.2,No,low,down,2,Jue,outside
PUT,WIN,10.00,54.0,neutral,at,0.040,61.7,2.5,Yes,low,sideways,2,Jue,middle
PUT,LOSS,-6.00,37.3,lower,below,0.114,67.6,16.2,No,low,down,3,Jue,outside
PUT,LOSS,-0.89,62.4,upper,at,0.073,57.3,19.1,Yes,low,sideways,3,Jue,middle
PUT,LOSS,-6.00,62.2,upper,at,0.068,56.8,25.5,Yes,low,sideways,4,Jue,middle
CALL,LOSS,-6.00,61.7,upper,at,0.091,81.7,6.5,No,medium,sideways,4,Jue,middle
PUT,LOSS,-0.15,34.3,lower,below,0.166,85.3,5.8,No,low,down,5,Jue,outside
CALL,LOSS,-2.01,52.6,neutral,at,0.014,76.6,6.2,No,low,sideways,5,Jue,middle
PUT,LOSS,-6.00,53.5,neutral,at,0.045,67.8,10.3,Yes,low,sideways,6,Jue,middle
CALL,LOSS,-6.00,52.4,neutral,at,0.011,87.9,3.8,No,low,sideways,7,Jue,middle
CALL,LOSS,-0.10,42.7,neutral,at,0.060,94.9,4.0,Yes,low,sideways,7,Jue,middle
PUT,LOSS,-2.79,59.2,neutral,at,0.076,89.9,0.4,Yes,low,sideways,8,Jue,outside
PUT,LOSS,-6.00,56.1,neutral,at,0.029,84.9,10.5,Yes,low,sideways,8,Jue,middle
CALL,WIN,10.00,85.4,overbought,above,0.274,67.1,6.4,No,low,up,9,Jue,upper
PUT,WIN,2.99,59.6,neutral,at,0.057,61.7,38.3,No,low,sideways,9,Jue,middle
PUT,WIN,10.00,48.6,neutral,at,0.008,68.4,0.0,Yes,low,sideways,10,Jue,middle
CALL,LOSS,-0.94,36.6,lower,at,0.084,81.6,17.9,No,low,sideways,10,Jue,middle
CALL,LOSS,-6.00,40.2,neutral,at,0.051,67.4,32.6,Yes,low,sideways,11,Jue,middle
CALL,WIN,5.68,38.5,lower,at,0.061,69.1,18.0,No,low,sideways,11,Jue,middle
CALL,LOSS,-6.00,59.8,neutral,at,0.056,52.0,5.6,No,low,sideways,12,Jue,middle
PUT,WIN,1.20,51.3,neutral,at,0.026,62.1,33.6,No,low,sideways,12,Jue,middle
CALL,LOSS,-1.75,51.5,neutral,at,0.027,66.7,6.2,No,low,sideways,13,Jue,middle
CALL,WIN,10.00,45.9,neutral,at,0.046,60.1,39.9,Yes,medium,sideways,13,Jue,middle
CALL,LOSS,-6.00,74.5,overbought,above,0.255,70.8,7.7,No,medium,up,14,Jue,outside
CALL,LOSS,-6.00,47.5,neutral,at,0.066,67.1,21.1,Yes,medium,sideways,14,Jue,outside
PUT,LOSS,-1.11,52.1,neutral,at,0.033,62.3,2.2,Yes,low,sideways,14,Jue,middle
CALL,WIN,4.71,46.4,neutral,at,0.049,66.1,15.9,No,low,sideways,15,Jue,middle
PUT,WIN,0.84,44.0,neutral,at,0.046,55.6,23.8,No,low,sideways,16,Jue,middle
PUT,LOSS,-0.18,54.9,neutral,at,0.030,96.2,3.8,Yes,low,sideways,16,Jue,middle
PUT,LOSS,-6.00,35.8,lower,at,0.079,67.1,28.9,No,low,sideways,17,Jue,outside
PUT,WIN,2.52,64.5,upper,at,0.087,61.2,19.4,Yes,low,sideways,17,Jue,outside
PUT,LOSS,-3.07,56.8,neutral,at,0.031,78.9,11.8,Yes,low,sideways,18,Jue,middle
PUT,LOSS,-2.64,62.3,upper,at,0.078,63.5,35.1,Yes,low,sideways,18,Jue,middle
PUT,LOSS,-0.95,48.6,neutral,at,0.019,60.9,23.2,No,low,sideways,19,Jue,middle
PUT,WIN,3.06,47.3,neutral,at,0.019,73.5,20.5,Yes,low,sideways,20,Jue,middle
PUT,WIN,2.43,66.5,upper,at,0.072,60.9,3.1,Yes,low,sideways,20,Jue,upper
CALL,WIN,5.80,48.0,neutral,at,0.011,77.4,21.5,No,low,sideways,23,Jue,middle
PUT,WIN,6.46,64.0,upper,at,0.093,71.7,10.2,Yes,low,sideways,23,Jue,outside
CALL,LOSS,-3.63,42.8,neutral,at,0.041,68.3,2.1,Yes,low,sideways,0,Vie,middle
CALL,LOSS,-0.06,54.6,neutral,at,0.050,66.7,33.3,No,low,sideways,1,Vie,middle
PUT,WIN,3.52,39.7,lower,at,0.055,88.5,11.5,No,low,sideways,1,Vie,middle
PUT,WIN,1.69,46.6,neutral,at,0.013,56.9,25.0,Yes,low,sideways,2,Vie,middle
PUT,WIN,0.79,36.3,lower,below,0.128,74.3,25.7,No,low,down,3,Vie,lower
PUT,WIN,5.89,55.9,neutral,at,0.049,67.4,18.5,Yes,low,sideways,3,Vie,middle
CALL,WIN,4.25,33.1,lower,at,0.073,67.9,22.4,Yes,low,sideways,4,Vie,middle
CALL,LOSS,-3.00,60.6,upper,at,0.047,53.1,1.8,No,low,sideways,4,Vie,middle
CALL,WIN,6.17,33.8,lower,at,0.074,63.8,29.0,Yes,low,sideways,5,Vie,middle
PUT,LOSS,-2.92,52.4,neutral,at,0.000,53.6,27.5,No,low,sideways,5,Vie,middle
PUT,LOSS,-2.01,49.0,neutral,at,0.018,62.7,9.0,No,low,sideways,6,Vie,middle
CALL,WIN,3.33,56.1,neutral,at,0.049,69.9,30.1,No,low,sideways,7,Vie,middle
PUT,LOSS,-1.89,51.9,neutral,at,0.016,68.9,29.8,No,low,sideways,7,Vie,middle
CALL,LOSS,-3.15,45.7,neutral,at,0.033,60.4,31.1,Yes,low,sideways,8,Vie,middle
PUT,WIN,2.16,21.9,oversold,below,0.234,61.2,6.6,No,low,down,8,Vie,lower
PUT,LOSS,-3.02,36.9,lower,at,0.061,90.1,9.9,No,low,sideways,9,Vie,middle
CALL,LOSS,-1.25,70.3,overbought,above,0.114,55.0,23.3,No,low,up,10,Vie,outside
CALL,LOSS,-2.03,44.9,neutral,at,0.027,53.8,32.7,Yes,low,sideways,10,Vie,middle
PUT,LOSS,-1.63,43.5,neutral,at,0.028,99.2,0.8,Yes,low,sideways,11,Vie,middle
PUT,LOSS,-3.03,51.1,neutral,at,0.001,51.4,16.2,Yes,low,sideways,11,Vie,middle
CALL,WIN,0.88,69.3,upper,at,0.097,85.6,14.4,No,low,sideways,12,Vie,outside
CALL,LOSS,-2.52,55.0,neutral,at,0.034,54.4,23.3,No,low,sideways,13,Vie,middle
PUT,LOSS,-3.02,34.0,lower,below,0.167,88.0,10.7,No,low,down,13,Vie,outside
CALL,LOSS,-1.67,47.2,neutral,at,0.039,69.9,23.3,No,low,sideways,14,Vie,middle
CALL,WIN,3.64,44.2,neutral,at,0.059,59.4,35.1,No,low,sideways,15,Vie,middle
PUT,WIN,7.87,58.1,neutral,at,0.040,67.0,11.3,Yes,low,sideways,15,Vie,middle
PUT,WIN,10.00,23.9,oversold,below,0.282,66.8,28.2,No,low,down,16,Vie,outside
PUT,WIN,1.88,40.9,neutral,at,0.056,76.5,22.1,No,medium,sideways,16,Vie,middle
PUT,LOSS,-1.91,47.9,neutral,at,0.002,51.8,30.0,Yes,low,sideways,17,Vie,middle
CALL,WIN,5.59,53.3,neutral,at,0.024,62.9,12.1,Yes,low,sideways,17,Vie,middle
PUT,LOSS,-3.37,56.4,neutral,at,0.014,64.5,35.5,No,low,sideways,18,Vie,middle
PUT,WIN,0.96,47.8,neutral,at,0.022,84.6,8.0,No,low,sideways,18,Vie,middle
PUT,LOSS,-3.07,23.4,oversold,below,0.156,82.0,4.5,No,low,down,19,Vie,outside
CALL,WIN,1.05,53.8,neutral,at,0.022,65.2,11.6,Yes,low,sideways,19,Vie,middle
PUT,WIN,10.00,64.0,upper,at,0.058,59.5,24.3,Yes,low,sideways,20,Vie,middle
CALL,WIN,2.22,42.2,neutral,at,0.039,54.8,9.6,Yes,low,sideways,5,Mié,lower
CALL,LOSS,-1.59,40.0,neutral,at,0.056,91.0,9.0,Yes,low,sideways,5,Mié,middle
CALL,WIN,3.26,43.6,neutral,at,0.038,55.1,32.6,Yes,low,sideways,6,Mié,middle
CALL,LOSS,-1.70,48.1,neutral,at,0.019,52.9,5.8,Yes,low,sideways,6,Mié,middle
PUT,LOSS,-2.25,43.9,neutral,at,0.021,74.3,25.7,Yes,low,sideways,7,Mié,middle
PUT,LOSS,-6.00,70.2,overbought,at,0.087,54.0,3.6,Yes,low,sideways,7,Mié,upper
CALL,WIN,0.01,53.8,neutral,at,0.001,59.0,36.4,No,low,sideways,8,Mié,middle
CALL,LOSS,-6.00,50.5,neutral,at,0.000,52.0,25.0,Yes,low,sideways,8,Mié,middle
CALL,LOSS,-1.81,42.4,neutral,at,0.024,58.5,23.7,No,low,sideways,9,Mié,middle
PUT,LOSS,-0.75,44.2,neutral,at,0.031,55.6,0.0,No,low,sideways,10,Mié,middle
PUT,WIN,2.97,57.6,neutral,at,0.023,51.5,18.8,Yes,low,sideways,10,Mié,middle
CALL,WIN,3.03,38.5,lower,at,0.039,75.6,24.4,Yes,low,sideways,11,Mié,middle
CALL,LOSS,-0.21,53.9,neutral,at,0.014,60.0,27.1,Yes,low,sideways,12,Mié,middle
PUT,LOSS,-4.34,36.5,lower,at,0.052,61.1,27.4,No,low,sideways,12,Mié,middle
PUT,LOSS,-2.93,43.0,neutral,at,0.061,73.2,26.8,No,low,sideways,13,Mié,middle
CALL,WIN,3.18,59.4,neutral,at,0.053,84.4,7.4,No,low,sideways,13,Mié,middle
CALL,LOSS,-6.00,68.6,upper,at,0.079,83.2,8.8,No,low,sideways,14,Mié,middle
CALL,LOSS,-1.80,40.8,neutral,at,0.061,62.4,25.6,No,low,sideways,14,Mié,middle
CALL,LOSS,-0.72,69.7,upper,above,0.180,57.4,15.7,No,low,up,15,Mié,upper
CALL,WIN,0.30,48.5,neutral,at,0.014,90.9,9.1,Yes,low,sideways,16,Mié,middle
PUT,LOSS,-0.64,55.6,neutral,at,0.033,78.7,21.3,Yes,low,sideways,16,Mié,middle
CALL,WIN,0.54,38.4,lower,at,0.076,50.5,25.8,Yes,low,sideways,17,Mié,middle
CALL,WIN,1.34,41.7,neutral,at,0.031,61.1,6.7,Yes,low,sideways,17,Mié,middle
CALL,WIN,0.88,45.2,neutral,at,0.020,67.7,7.3,Yes,low,sideways,18,Mié,middle
CALL,WIN,4.00,41.7,neutral,at,0.041,69.5,27.1,Yes,low,sideways,19,Mié,middle
PUT,LOSS,-0.40,65.6,upper,at,0.046,50.0,26.3,Yes,low,sideways,19,Mié,middle
PUT,WIN,2.38,47.1,neutral,at,0.012,72.3,13.8,Yes,low,sideways,20,Mié,middle
PUT,WIN,1.10,51.5,neutral,at,0.012,67.4,6.5,Yes,low,sideways,21,Mié,middle
CALL,LOSS,-6.00,53.1,neutral,at,0.012,61.7,25.5,Yes,low,sideways,21,Mié,middle
PUT,LOSS,-0.58,37.0,lower,at,0.041,76.3,6.1,No,low,sideways,0,Jue,middle
CALL,LOSS,-3.25,51.1,neutral,at,0.005,72.7,23.5,Yes,low,sideways,0,Jue,middle
CALL,WIN,0.95,45.9,neutral,at,0.017,71.8,14.4,No,low,sideways,1,Jue,middle
CALL,WIN,3.15,50.3,neutral,at,0.001,69.4,30.6,Yes,low,sideways,1,Jue,middle
CALL,WIN,2.90,53.9,neutral,at,0.005,50.0,11.9,Yes,low,sideways,2,Jue,middle
PUT,LOSS,-1.83,56.9,neutral,at,0.022,53.5,3.0,Yes,low,sideways,3,Jue,middle
CALL,LOSS,-0.88,64.6,upper,at,0.051,94.2,5.8,No,low,sideways,3,Jue,middle
PUT,LOSS,-0.16,46.2,neutral,at,0.010,73.2,15.5,Yes,low,sideways,4,Jue,middle
PUT,LOSS,-0.94,47.7,neutral,at,0.009,55.0,0.0,Yes,low,sideways,4,Jue,middle
CALL,LOSS,-0.48,63.5,upper,at,0.033,59.1,27.3,Yes,low,sideways,5,Jue,middle
CALL,LOSS,-0.05,43.2,neutral,at,0.028,53.9,17.1,Yes,low,sideways,5,Jue,middle
CALL,WIN,5.61,45.0,neutral,at,0.018,54.3,28.3,Yes,low,sideways,6,Jue,middle
CALL,WIN,4.21,67.5,upper,at,0.053,86.7,2.7,No,low,sideways,7,Jue,middle
CALL,WIN,1.54,58.7,neutral,at,0.045,65.7,31.4,No,low,sideways,7,Jue,middle
CALL,WIN,0.71,65.3,upper,at,0.066,74.3,15.8,No,low,sideways,8,Jue,middle
CALL,LOSS,-1.11,59.0,neutral,at,0.043,65.5,9.5,No,low,sideways,9,Jue,middle
CALL,LOSS,-2.14,49.3,neutral,at,0.002,50.0,24.5,Yes,low,sideways,9,Jue,middle
PUT,WIN,1.53,32.6,lower,at,0.036,79.1,20.9,Yes,low,sideways,10,Jue,middle
PUT,LOSS,-1.50,46.0,neutral,at,0.004,58.1,11.8,Yes,low,sideways,10,Jue,middle
CALL,WIN,2.76,63.8,upper,at,0.026,62.9,12.9,Yes,low,sideways,11,Jue,middle
PUT,WIN,0.75,63.1,upper,at,0.028,63.3,32.9,Yes,low,sideways,11,Jue,middle
PUT,WIN,2.91,43.1,neutral,at,0.021,68.8,31.2,Yes,low,sideways,12,Jue,middle
PUT,LOSS,-2.29,58.9,neutral,at,0.068,62.5,37.5,Yes,low,sideways,13,Jue,upper
CALL,LOSS,-3.86,54.6,neutral,at,0.016,50.6,22.4,Yes,low,sideways,13,Jue,middle
CALL,LOSS,-6.00,39.4,lower,at,0.045,56.8,23.7,Yes,low,sideways,14,Jue,middle
PUT,WIN,1.11,26.4,oversold,below,0.130,76.4,23.6,No,low,down,14,Jue,outside
PUT,WIN,2.22,41.2,neutral,at,0.057,80.2,0.0,No,low,sideways,15,Jue,middle
PUT,WIN,3.05,54.0,neutral,at,0.042,70.0,10.3,Yes,low,sideways,16,Jue,middle
CALL,LOSS,-2.39,53.0,neutral,at,0.029,76.7,18.6,No,low,sideways,16,Jue,middle
PUT,LOSS,-6.00,24.4,oversold,below,0.214,69.9,13.0,No,low,down,17,Jue,outside
CALL,WIN,0.99,69.0,upper,above,0.128,76.2,7.7,No,low,up,17,Jue,outside
CALL,WIN,2.14,44.7,neutral,at,0.039,67.7,32.3,Yes,low,sideways,18,Jue,middle
PUT,WIN,0.03,64.4,upper,at,0.060,58.9,21.4,Yes,low,sideways,19,Jue,upper
CALL,LOSS,-1.38,32.2,lower,at,0.082,71.4,27.4,Yes,low,sideways,19,Jue,middle
CALL,LOSS,-1.88,49.4,neutral,at,0.006,53.8,20.0,Yes,low,sideways,20,Jue,middle
PUT,WIN,0.28,41.7,neutral,at,0.025,56.5,20.3,Yes,low,sideways,21,Jue,middle
CALL,LOSS,-0.30,43.6,neutral,at,0.016,56.2,16.7,Yes,low,sideways,21,Jue,middle
PUT,LOSS,-1.95,41.2,neutral,at,0.041,80.9,19.1,No,low,sideways,0,Vie,lower
CALL,WIN,3.78,55.0,neutral,at,0.013,80.7,16.9,Yes,low,sideways,0,Vie,middle
CALL,WIN,0.96,67.0,upper,at,0.058,73.6,15.3,No,low,sideways,1,Vie,middle
PUT,WIN,2.28,61.4,upper,at,0.031,55.7,27.9,Yes,low,sideways,1,Vie,middle
CALL,LOSS,-0.90,47.1,neutral,at,0.001,88.0,8.7,Yes,low,sideways,2,Vie,middle
PUT,LOSS,-0.77,48.7,neutral,at,0.007,51.9,20.4,No,low,sideways,3,Vie,middle
CALL,WIN,2.92,40.0,neutral,at,0.037,53.3,20.0,Yes,low,sideways,3,Vie,middle
CALL,WIN,1.80,49.4,neutral,at,0.011,81.1,18.9,Yes,low,sideways,4,Vie,middle
PUT,WIN,0.60,59.3,neutral,at,0.022,71.4,25.0,Yes,low,sideways,5,Vie,middle
CALL,WIN,1.53,46.4,neutral,at,0.019,61.6,19.2,Yes,low,sideways,5,Vie,middle
CALL,WIN,2.81,68.7,upper,at,0.098,72.8,26.5,No,low,sideways,6,Vie,upper
PUT,WIN,2.06,58.7,neutral,at,0.029,88.6,11.4,Yes,low,sideways,7,Vie,middle
PUT,WIN,0.19,52.6,neutral,at,0.014,65.5,1.1,Yes,low,sideways,7,Vie,middle
CALL,WIN,2.68,45.4,neutral,at,0.018,53.2,22.6,Yes,low,sideways,8,Vie,middle
PUT,WIN,1.63,62.1,upper,at,0.043,80.2,16.5,Yes,low,sideways,9,Vie,middle
PUT,LOSS,-0.70,35.3,lower,at,0.074,57.3,29.1,No,low,sideways,9,Vie,outside
PUT,WIN,0.89,51.3,neutral,at,0.005,73.5,26.5,Yes,low,sideways,10,Vie,middle
PUT,WIN,2.02,49.8,neutral,at,0.004,60.3,19.2,Yes,low,sideways,10,Vie,middle
CALL,LOSS,-2.10,47.2,neutral,at,0.009,67.5,31.1,No,low,sideways,11,Vie,middle
CALL,WIN,0.58,60.1,upper,at,0.071,63.3,25.3,No,low,sideways,11,Vie,outside
PUT,WIN,3.53,36.9,lower,at,0.060,73.7,5.2,No,low,sideways,12,Vie,middle
PUT,LOSS,-0.65,46.5,neutral,at,0.007,60.0,21.3,Yes,low,sideways,12,Vie,middle
CALL,WIN,1.15,43.4,neutral,at,0.043,90.9,6.6,Yes,low,sideways,13,Vie,middle
PUT,WIN,5.45,63.3,upper,at,0.063,71.5,23.6,Yes,low,sideways,14,Vie,middle
CALL,WIN,1.70,40.3,neutral,at,0.063,92.4,7.6,Yes,low,sideways,14,Vie,middle
PUT,WIN,0.32,49.7,neutral,at,0.003,93.7,2.7,Yes,low,sideways,15,Vie,middle
CALL,WIN,10.00,55.2,neutral,at,0.029,66.5,2.5,No,low,sideways,16,Vie,middle
CALL,LOSS,-6.00,81.6,overbought,above,0.241,57.5,2.2,No,low,up,16,Vie,outside
PUT,WIN,0.96,32.0,lower,below,0.161,60.1,22.4,No,low,down,17,Vie,outside
CALL,WIN,3.09,52.2,neutral,at,0.029,74.5,19.8,No,low,sideways,17,Vie,middle
CALL,WIN,0.64,52.8,neutral,at,0.016,64.3,9.3,Yes,low,sideways,18,Vie,middle
CALL,WIN,1.22,48.8,neutral,at,0.010,65.0,22.2,Yes,low,sideways,19,Vie,middle
PUT,LOSS,-0.74,35.9,lower,at,0.064,79.3,11.6,No,low,sideways,19,Vie,lower
CALL,LOSS,-2.26,50.1,neutral,at,0.002,77.8,22.2,Yes,low,sideways,20,Vie,middle
PUT,LOSS,-6.00,51.3,neutral,at,0.008,73.7,17.1,Yes,low,sideways,20,Vie,middle
CALL,LOSS,-0.99,46.0,neutral,at,0.017,76.3,21.3,Yes,low,sideways,5,Mié,middle
CALL,WIN,1.66,45.4,neutral,at,0.025,56.3,28.5,Yes,low,sideways,5,Mié,middle
CALL,WIN,2.91,59.3,neutral,at,0.044,98.3,1.7,No,low,sideways,6,Mié,middle
CALL,WIN,2.62,61.5,upper,at,0.054,67.8,32.2,No,low,sideways,6,Mié,middle
PUT,WIN,1.98,46.8,neutral,at,0.023,65.6,34.4,Yes,low,sideways,7,Mié,middle
CALL,WIN,7.35,40.8,neutral,at,0.034,68.6,31.4,Yes,low,sideways,8,Mié,middle
CALL,LOSS,-0.47,59.5,neutral,at,0.035,72.6,27.4,Yes,low,sideways,8,Mié,middle
PUT,WIN,3.36,44.1,neutral,at,0.033,81.2,18.8,No,low,sideways,9,Mié,middle
CALL,LOSS,-0.81,59.7,neutral,at,0.059,54.4,19.7,No,low,sideways,10,Mié,upper
CALL,LOSS,-0.85,57.8,neutral,at,0.028,69.2,11.2,No,low,sideways,10,Mié,middle
PUT,LOSS,-0.93,40.1,neutral,at,0.049,83.3,6.4,No,low,sideways,11,Mié,middle
PUT,LOSS,-4.91,47.4,neutral,at,0.008,56.1,33.3,Yes,low,sideways,11,Mié,middle
PUT,WIN,3.71,74.0,overbought,at,0.091,66.7,22.2,Yes,low,sideways,12,Mié,middle
PUT,LOSS,-1.71,26.4,oversold,at,0.095,52.2,4.2,No,low,sideways,13,Mié,outside
PUT,LOSS,-1.05,54.4,neutral,at,0.024,58.3,26.2,Yes,low,sideways,13,Mié,middle
PUT,LOSS,-2.95,48.0,neutral,at,0.020,74.9,25.1,No,low,sideways,14,Mié,middle
CALL,WIN,10.00,51.2,neutral,at,0.004,56.7,20.2,Yes,low,sideways,14,Mié,middle
CALL,WIN,8.34,79.6,overbought,above,0.326,78.5,1.2,No,low,up,15,Mié,outside
PUT,LOSS,-6.00,49.5,neutral,at,0.050,64.2,31.0,No,low,sideways,15,Mié,middle
CALL,WIN,4.46,54.7,neutral,at,0.014,54.6,1.4,No,low,sideways,16,Mié,middle
CALL,WIN,2.54,57.7,neutral,at,0.036,55.0,23.7,No,low,sideways,16,Mié,middle
PUT,LOSS,-6.00,41.0,neutral,at,0.075,68.0,4.9,No,low,sideways,17,Mié,lower
PUT,WIN,1.29,56.9,neutral,at,0.031,60.6,39.4,Yes,low,sideways,17,Mié,middle
CALL,WIN,4.48,51.2,neutral,at,0.011,66.1,12.2,No,low,sideways,18,Mié,middle
PUT,WIN,7.18,56.6,neutral,at,0.015,51.9,4.9,Yes,low,sideways,18,Mié,middle
PUT,LOSS,-2.34,31.1,lower,below,0.128,50.7,23.7,No,low,down,19,Mié,outside
PUT,WIN,0.26,43.8,neutral,at,0.035,52.6,17.2,No,low,sideways,20,Mié,middle
PUT,WIN,0.24,45.8,neutral,at,0.017,77.8,11.1,Yes,low,sideways,20,Mié,middle
CALL,LOSS,-0.90,58.3,neutral,at,0.039,78.0,19.5,No,low,sideways,21,Mié,middle
CALL,LOSS,-4.86,66.6,upper,above,0.137,63.3,1.3,No,low,up,23,Mié,upper
CALL,LOSS,-1.54,36.5,lower,at,0.064,63.4,31.2,Yes,low,sideways,23,Mié,middle
CALL,WIN,5.85,61.0,upper,at,0.053,62.5,22.4,No,low,sideways,0,Jue,upper
CALL,LOSS,-6.00,49.6,neutral,at,0.026,50.5,35.6,No,low,sideways,1,Jue,middle
CALL,LOSS,-0.77,46.1,neutral,at,0.007,71.5,23.1,No,low,sideways,1,Jue,middle
CALL,LOSS,-2.70,63.1,upper,above,0.105,90.1,2.8,No,low,up,1,Jue,outside
CALL,WIN,5.01,36.7,lower,at,0.075,66.7,19.6,Yes,low,sideways,2,Jue,middle
PUT,LOSS,-3.38,59.3,neutral,at,0.051,78.1,20.5,No,low,sideways,3,Jue,middle
CALL,WIN,0.49,60.0,upper,at,0.046,61.7,3.3,No,low,sideways,3,Jue,middle
PUT,LOSS,-1.98,42.2,neutral,at,0.036,59.5,5.2,No,low,sideways,4,Jue,middle
CALL,WIN,0.04,62.1,upper,at,0.071,59.7,35.1,No,low,sideways,5,Jue,middle
CALL,LOSS,-2.32,46.8,neutral,at,0.020,68.3,12.8,Yes,low,sideways,5,Jue,middle
PUT,LOSS,-2.09,43.5,neutral,at,0.025,53.8,26.0,Yes,low,sideways,6,Jue,middle
CALL,WIN,2.43,66.4,upper,at,0.065,65.7,5.7,No,low,sideways,6,Jue,middle
PUT,LOSS,-5.31,51.7,neutral,at,0.006,55.6,9.6,No,low,sideways,7,Jue,middle
CALL,WIN,3.51,75.6,overbought,above,0.116,73.8,18.5,No,low,up,8,Jue,outside
PUT,WIN,1.44,56.2,neutral,at,0.013,78.2,11.3,Yes,low,sideways,8,Jue,middle
CALL,LOSS,-6.00,64.7,upper,at,0.095,57.3,20.1,No,low,sideways,9,Jue,upper
CALL,WIN,0.81,48.4,neutral,at,0.006,52.9,24.7,No,low,sideways,9,Jue,middle
CALL,LOSS,-3.02,71.2,overbought,at,0.093,65.9,19.7,No,low,sideways,10,Jue,upper
CALL,LOSS,-1.81,50.7,neutral,at,0.023,74.7,23.1,No,low,sideways,11,Jue,middle
PUT,LOSS,-2.28,61.3,upper,at,0.070,50.6,29.9,Yes,low,sideways,11,Jue,middle
CALL,WIN,4.40,43.8,neutral,at,0.037,97.3,2.7,Yes,low,sideways,12,Jue,middle
PUT,WIN,2.25,36.3,lower,below,0.117,56.8,3.0,No,low,down,13,Jue,outside
PUT,WIN,3.67,47.9,neutral,at,0.009,85.8,10.8,No,low,sideways,13,Jue,middle
CALL,LOSS,-6.00,36.6,lower,at,0.090,54.8,20.4,Yes,low,sideways,14,Jue,middle
PUT,LOSS,-6.00,32.5,lower,below,0.210,53.3,37.7,No,medium,down,14,Jue,outside
CALL,LOSS,-6.00,53.4,neutral,at,0.047,73.7,26.3,No,low,sideways,15,Jue,middle
PUT,LOSS,-5.05,55.6,neutral,at,0.079,59.4,0.8,Yes,low,sideways,15,Jue,middle
CALL,LOSS,-6.00,64.4,upper,at,0.096,72.3,10.6,No,low,sideways,16,Jue,middle
PUT,WIN,2.25,40.7,neutral,at,0.059,85.9,14.1,No,low,sideways,16,Jue,middle
PUT,LOSS,-4.31,35.8,lower,at,0.100,80.5,4.8,No,low,sideways,17,Jue,outside
PUT,WIN,1.81,53.3,neutral,at,0.017,51.4,23.2,Yes,low,sideways,17,Jue,middle
PUT,WIN,10.00,23.5,oversold,below,0.142,62.3,28.6,No,low,down,18,Jue,lower
PUT,LOSS,-3.03,37.9,lower,below,0.122,63.4,34.2,No,low,down,18,Jue,middle
PUT,LOSS,-3.10,55.3,neutral,at,0.053,59.2,39.1,Yes,low,sideways,19,Jue,middle
CALL,WIN,1.90,45.3,neutral,at,0.037,62.8,37.2,Yes,low,sideways,20,Jue,middle
PUT,LOSS,-6.00,46.1,neutral,at,0.027,73.3,22.8,No,low,sideways,20,Jue,middle
CALL,LOSS,-2.57,69.6,upper,above,0.147,54.4,12.3,No,low,up,21,Jue,outside
PUT,LOSS,-4.10,47.4,neutral,at,0.010,55.0,15.0,Yes,low,sideways,21,Jue,middle
PUT,WIN,3.51,56.9,neutral,at,0.036,62.9,20.0,Yes,low,sideways,0,Vie,middle
PUT,WIN,4.53,55.0,neutral,at,0.043,63.1,18.9,Yes,low,sideways,1,Vie,middle
PUT,LOSS,-6.00,49.7,neutral,at,0.003,52.2,14.1,Yes,low,sideways,1,Vie,middle
CALL,WIN,4.64,61.4,upper,at,0.064,75.6,2.3,No,low,sideways,1,Vie,middle
PUT,LOSS,-2.36,69.7,upper,at,0.100,93.8,6.2,Yes,low,sideways,2,Vie,outside
PUT,LOSS,-0.46,53.7,neutral,at,0.013,69.0,4.6,Yes,low,sideways,3,Vie,middle
PUT,WIN,2.97,50.1,neutral,at,0.004,59.7,13.4,Yes,low,sideways,3,Vie,middle
CALL,WIN,0.85,38.8,lower,at,0.045,60.7,39.3,Yes,low,sideways,4,Vie,middle
PUT,WIN,7.40,55.7,neutral,at,0.024,81.9,18.1,Yes,low,sideways,4,Vie,middle
CALL,LOSS,-0.12,46.2,neutral,at,0.001,65.3,34.7,No,low,sideways,5,Vie,middle
PUT,WIN,4.59,45.7,neutral,at,0.023,64.5,19.4,Yes,low,sideways,6,Vie,middle
PUT,WIN,2.53,34.2,lower,below,0.101,62.4,14.8,No,low,down,6,Vie,middle
PUT,LOSS,-6.00,34.2,lower,below,0.107,73.5,26.5,No,low,down,7,Vie,outside
CALL,WIN,0.69,73.0,overbought,above,0.166,56.3,8.7,No,low,up,7,Vie,outside
CALL,LOSS,-3.41,50.2,neutral,at,0.007,75.8,21.0,No,low,sideways,8,Vie,middle
CALL,LOSS,-1.90,42.7,neutral,at,0.054,99.1,0.0,No,low,sideways,9,Vie,middle
CALL,LOSS,-0.25,44.4,neutral,at,0.024,78.0,22.0,Yes,low,sideways,9,Vie,middle
PUT,LOSS,-1.05,40.9,neutral,at,0.055,56.8,20.7,No,low,sideways,10,Vie,middle
CALL,LOSS,-6.00,62.9,upper,at,0.061,61.7,38.3,No,low,sideways,10,Vie,middle
PUT,LOSS,-0.27,23.2,oversold,below,0.210,54.0,30.3,No,low,down,11,Vie,outside
PUT,WIN,10.00,27.5,oversold,below,0.270,62.6,34.0,No,low,down,11,Vie,lower
PUT,WIN,4.84,37.8,lower,at,0.087,75.9,15.2,No,low,sideways,12,Vie,outside
PUT,WIN,10.00,49.9,neutral,at,0.016,54.4,3.4,Yes,low,sideways,12,Vie,middle
PUT,WIN,10.00,37.0,lower,below,0.181,82.4,8.8,No,medium,down,13,Vie,outside
CALL,LOSS,-6.00,50.4,neutral,at,0.052,70.5,17.8,No,medium,sideways,14,Vie,middle
PUT,LOSS,-6.00,52.3,neutral,at,0.070,61.8,28.1,No,medium,sideways,14,Vie,middle
CALL,WIN,2.18,62.2,upper,above,0.270,50.8,32.8,No,medium,up,14,Vie,outside
PUT,LOSS,-0.95,54.9,neutral,at,0.052,75.0,21.6,No,medium,sideways,15,Vie,middle
CALL,WIN,2.92,68.5,upper,above,0.257,81.7,18.3,No,low,up,15,Vie,upper
CALL,WIN,2.00,70.8,overbought,above,0.207,77.3,16.2,No,low,up,16,Vie,outside
CALL,LOSS,-3.04,49.9,neutral,at,0.021,67.7,24.5,Yes,low,sideways,16,Vie,middle
CALL,LOSS,-6.00,50.1,neutral,at,0.007,75.5,18.7,No,low,sideways,17,Vie,middle
PUT,LOSS,-6.00,29.9,oversold,below,0.198,52.5,17.4,No,low,down,18,Vie,outside
CALL,LOSS,-0.85,53.6,neutral,at,0.026,62.2,11.9,No,low,sideways,18,Vie,middle
CALL,LOSS,-1.51,51.3,neutral,at,0.018,72.5,8.7,No,low,sideways,19,Vie,middle
PUT,WIN,3.19,46.3,neutral,at,0.023,79.1,20.9,Yes,low,sideways,20,Vie,middle
CALL,WIN,0.81,57.7,neutral,at,0.078,67.3,17.3,No,low,sideways,20,Vie,outside
CALL,WIN,6.55,64.9,upper,at,0.050,61.8,38.2,No,low,sideways,5,Mié,middle
PUT,WIN,1.07,56.4,neutral,at,0.019,57.7,27.4,Yes,low,sideways,5,Mié,middle
PUT,LOSS,-2.29,37.3,lower,at,0.077,54.5,27.3,No,low,sideways,6,Mié,outside
CALL,LOSS,-1.55,45.8,neutral,at,0.017,85.5,2.4,Yes,low,sideways,7,Mié,middle
PUT,WIN,3.21,60.0,neutral,at,0.038,74.7,2.1,Yes,low,sideways,7,Mié,middle
CALL,WIN,0.63,26.3,oversold,at,0.093,70.4,29.6,Yes,low,sideways,8,Mié,outside
CALL,WIN,4.66,39.2,lower,at,0.049,88.2,11.8,Yes,low,sideways,8,Mié,middle
CALL,WIN,7.66,60.1,upper,at,0.046,66.7,6.2,No,low,sideways,9,Mié,middle
CALL,WIN,0.06,77.1,overbought,above,0.162,95.5,0.9,No,low,up,10,Mié,outside
PUT,WIN,1.08,52.0,neutral,at,0.007,86.1,12.0,Yes,low,sideways,10,Mié,middle
CALL,WIN,0.43,61.6,upper,at,0.077,64.8,0.8,No,low,sideways,11,Mié,outside
CALL,WIN,0.97,49.3,neutral,at,0.010,51.6,22.1,Yes,low,sideways,11,Mié,middle
PUT,WIN,2.85,59.0,neutral,at,0.033,71.0,0.0,Yes,low,sideways,12,Mié,middle
PUT,WIN,1.36,35.7,lower,at,0.074,85.4,8.0,No,low,sideways,13,Mié,middle
CALL,WIN,0.29,58.2,neutral,at,0.070,63.4,3.4,No,low,sideways,13,Mié,middle
CALL,LOSS,-6.00,57.4,neutral,at,0.044,66.7,24.6,No,low,sideways,14,Mié,middle
CALL,WIN,9.63,50.8,neutral,at,0.003,59.9,8.1,No,low,sideways,14,Mié,middle
CALL,LOSS,-6.00,59.9,neutral,at,0.075,65.7,29.9,No,low,sideways,15,Mié,middle
PUT,WIN,10.00,31.8,lower,below,0.156,75.4,21.8,No,low,down,15,Mié,outside
PUT,WIN,7.18,35.1,lower,below,0.150,83.4,3.7,No,medium,down,16,Mié,outside
CALL,LOSS,-6.00,41.3,neutral,at,0.079,60.6,39.4,Yes,low,sideways,16,Mié,middle
PUT,LOSS,-3.73,44.8,neutral,at,0.026,60.1,39.9,No,medium,sideways,17,Mié,middle
CALL,WIN,4.25,61.5,upper,at,0.092,82.8,17.2,No,low,sideways,17,Mié,outside
CALL,WIN,3.28,42.2,neutral,at,0.068,60.8,20.6,Yes,low,sideways,18,Mié,lower
CALL,LOSS,-6.00,51.0,neutral,at,0.004,89.0,5.6,No,low,sideways,19,Mié,middle
CALL,WIN,0.44,52.5,neutral,at,0.043,71.7,20.7,No,low,sideways,19,Mié,middle
CALL,WIN,1.00,50.8,neutral,at,0.003,75.2,24.8,Yes,low,sideways,20,Mié,middle
PUT,WIN,0.64,48.8,neutral,at,0.004,50.0,18.9,Yes,low,sideways,20,Mié,middle
CALL,WIN,4.74,52.6,neutral,at,0.000,94.4,5.6,No,low,sideways,21,Mié,middle
PUT,WIN,0.02,53.5,neutral,at,0.000,86.0,14.0,No,low,sideways,0,Jue,middle
CALL,LOSS,-3.25,47.6,neutral,at,0.010,70.9,29.1,Yes,low,sideways,0,Jue,middle
PUT,LOSS,-0.97,29.7,oversold,below,0.155,54.4,19.7,No,low,down,1,Jue,outside
PUT,WIN,10.00,26.7,oversold,below,0.192,70.2,15.2,No,low,down,2,Jue,outside
PUT,LOSS,-6.00,23.1,oversold,below,0.218,91.0,9.0,No,medium,down,2,Jue,outside
PUT,LOSS,-6.00,58.4,neutral,at,0.049,93.0,0.0,No,low,sideways,2,Jue,middle
CALL,LOSS,-3.45,53.9,neutral,at,0.005,92.6,7.4,No,low,sideways,3,Jue,middle
PUT,LOSS,-4.36,45.0,neutral,at,0.024,78.0,17.6,No,low,sideways,3,Jue,middle
CALL,LOSS,-0.63,58.8,neutral,at,0.031,76.8,20.5,Yes,low,sideways,4,Jue,middle
PUT,WIN,1.99,37.8,lower,at,0.072,85.0,10.7,No,low,sideways,5,Jue,middle
PUT,LOSS,-1.18,41.0,neutral,at,0.060,80.0,20.0,No,low,sideways,5,Jue,middle
CALL,LOSS,-6.00,56.5,neutral,at,0.038,61.4,11.4,No,low,sideways,6,Jue,middle
PUT,LOSS,-0.53,41.0,neutral,at,0.047,82.4,4.5,No,low,sideways,6,Jue,middle
CALL,LOSS,-6.00,68.2,upper,above,0.116,70.5,29.5,No,low,up,7,Jue,upper
PUT,WIN,1.66,41.6,neutral,at,0.060,61.5,36.4,No,low,sideways,7,Jue,outside
PUT,LOSS,-1.27,35.8,lower,below,0.119,51.2,11.3,No,low,down,8,Jue,outside
CALL,WIN,7.79,56.1,neutral,at,0.051,67.9,28.7,No,low,sideways,8,Jue,middle
PUT,LOSS,-0.16,54.4,neutral,at,0.021,61.1,6.1,Yes,low,sideways,9,Jue,middle
PUT,WIN,2.05,56.8,neutral,at,0.049,58.6,37.7,Yes,low,sideways,9,Jue,middle
CALL,LOSS,-1.50,52.2,neutral,at,0.020,51.2,18.6,No,low,sideways,10,Jue,middle
CALL,WIN,1.39,34.4,lower,at,0.083,94.6,5.4,Yes,low,sideways,11,Jue,outside
PUT,LOSS,-4.05,64.3,upper,at,0.076,89.0,10.5,Yes,low,sideways,11,Jue,outside
CALL,WIN,2.78,65.4,upper,above,0.102,70.5,25.6,No,low,up,12,Jue,outside
CALL,WIN,3.28,62.9,upper,at,0.079,63.5,20.5,No,low,sideways,12,Jue,middle
CALL,LOSS,-6.00,58.4,neutral,at,0.068,50.3,35.8,No,low,sideways,13,Jue,middle
CALL,LOSS,-2.66,46.7,neutral,at,0.039,85.3,13.6,No,medium,sideways,13,Jue,middle
PUT,LOSS,-2.59,44.5,neutral,at,0.047,75.0,19.3,No,low,sideways,14,Jue,middle
CALL,LOSS,-6.00,73.3,overbought,above,0.323,52.7,37.8,No,medium,up,14,Jue,outside
PUT,WIN,7.37,53.0,neutral,at,0.020,81.3,18.7,No,medium,sideways,15,Jue,middle
PUT,LOSS,-1.93,30.2,lower,below,0.210,86.2,10.6,No,low,down,15,Jue,outside
PUT,WIN,7.20,44.4,neutral,at,0.054,69.5,3.2,No,low,sideways,16,Jue,middle
PUT,LOSS,-0.76,37.5,lower,below,0.113,51.3,12.2,No,medium,down,17,Jue,outside
CALL,WIN,3.56,49.9,neutral,at,0.001,69.8,30.2,No,low,sideways,17,Jue,middle
PUT,WIN,0.78,43.1,neutral,at,0.078,51.3,17.1,No,low,sideways,18,Jue,outside
PUT,LOSS,-6.00,45.7,neutral,at,0.029,58.3,19.4,No,low,sideways,18,Jue,middle
CALL,LOSS,-0.36,75.4,overbought,above,0.217,57.7,11.7,No,low,up,19,Jue,outside
CALL,LOSS,-2.91,50.5,neutral,at,0.010,86.6,13.4,Yes,low,sideways,20,Jue,middle
CALL,WIN,2.25,36.2,lower,at,0.057,67.4,3.9,Yes,low,sideways,20,Jue,middle
CALL,LOSS,-0.64,51.5,neutral,at,0.003,50.0,8.6,Yes,low,sideways,21,Jue,middle
PUT,LOSS,-1.78,47.0,neutral,at,0.006,51.9,7.8,Yes,low,sideways,21,Jue,middle
PUT,WIN,0.82,46.7,neutral,at,0.015,79.1,3.0,No,low,sideways,0,Vie,middle
PUT,WIN,3.98,30.0,lower,below,0.115,62.5,11.1,No,low,down,1,Vie,lower
CALL,WIN,4.79,41.7,neutral,at,0.025,89.4,6.4,Yes,low,sideways,1,Vie,middle
PUT,LOSS,-1.75,58.2,neutral,at,0.036,72.4,27.6,Yes,low,sideways,2,Vie,middle
PUT,WIN,10.00,48.5,neutral,at,0.022,63.0,36.6,No,low,sideways,2,Vie,middle
PUT,WIN,1.12,36.0,lower,at,0.086,55.7,5.7,No,low,sideways,3,Vie,middle
PUT,LOSS,-1.43,59.8,neutral,at,0.060,60.9,39.1,Yes,low,sideways,3,Vie,upper
CALL,LOSS,-3.96,49.3,neutral,at,0.009,69.1,30.9,No,low,sideways,4,Vie,middle
CALL,WIN,2.51,38.9,lower,at,0.037,61.3,11.7,Yes,low,sideways,4,Vie,middle
CALL,LOSS,-6.00,52.8,neutral,at,0.013,76.2,23.8,Yes,low,sideways,5,Vie,middle
CALL,LOSS,-6.00,59.9,neutral,above,0.161,54.5,16.8,No,medium,up,6,Vie,outside
PUT,WIN,3.50,38.5,lower,at,0.097,58.9,7.4,No,low,sideways,6,Vie,outside
PUT,LOSS,-4.47,40.6,neutral,at,0.072,66.9,25.2,No,low,sideways,7,Vie,middle
CALL,LOSS,-0.72,48.7,neutral,at,0.016,66.2,14.6,Yes,low,sideways,7,Vie,middle
CALL,WIN,1.51,56.7,neutral,at,0.070,80.6,17.5,No,low,sideways,8,Vie,middle
PUT,LOSS,-6.00,62.2,upper,at,0.086,58.7,10.6,Yes,low,sideways,9,Vie,outside
CALL,LOSS,-3.32,62.0,upper,at,0.095,56.1,13.5,No,low,sideways,9,Vie,outside
PUT,WIN,8.74,41.7,neutral,at,0.039,58.2,11.4,No,low,sideways,9,Vie,middle
PUT,LOSS,-3.77,44.1,neutral,at,0.042,68.6,0.5,No,low,sideways,10,Vie,middle
CALL,LOSS,-2.38,49.5,neutral,at,0.015,74.3,22.9,No,low,sideways,11,Vie,middle
PUT,LOSS,-4.67,38.6,lower,at,0.063,69.7,30.3,No,low,sideways,11,Vie,middle
CALL,WIN,10.00,63.7,upper,above,0.106,53.4,8.2,No,low,up,12,Vie,outside
PUT,LOSS,-2.81,58.8,neutral,at,0.069,83.4,8.3,No,low,sideways,12,Vie,middle
CALL,WIN,5.87,54.3,neutral,at,0.029,66.7,16.0,No,low,sideways,13,Vie,middle
CALL,LOSS,-6.00,72.1,overbought,above,0.166,60.3,38.1,No,low,up,14,Vie,outside
PUT,LOSS,-1.69,34.5,lower,below,0.130,77.2,8.3,No,low,down,14,Vie,lower
PUT,WIN,0.56,54.3,neutral,at,0.039,55.6,23.0,No,low,sideways,14,Vie,middle
CALL,LOSS,-6.00,44.1,neutral,at,0.050,61.9,22.3,Yes,low,sideways,15,Vie,middle
CALL,WIN,1.10,49.4,neutral,at,0.005,81.9,8.1,No,low,sideways,15,Vie,middle
CALL,WIN,10.00,57.6,neutral,at,0.064,62.2,30.2,No,low,sideways,16,Vie,upper
PUT,WIN,4.31,52.1,neutral,at,0.017,55.7,29.3,No,low,sideways,17,Vie,middle
CALL,WIN,0.44,45.3,neutral,at,0.023,91.9,0.0,Yes,low,sideways,17,Vie,middle
PUT,WIN,0.92,39.9,lower,at,0.053,56.5,0.7,No,low,sideways,18,Vie,middle
PUT,LOSS,-0.94,63.9,upper,at,0.093,51.6,32.6,Yes,low,sideways,18,Vie,upper
CALL,LOSS,-0.74,73.6,overbought,at,0.071,54.8,36.5,No,low,sideways,19,Vie,upper
PUT,WIN,10.00,34.8,lower,at,0.083,56.5,2.7,No,low,sideways,20,Vie,lower
PUT,LOSS,-6.00,22.9,oversold,below,0.200,60.1,19.0,No,low,down,20,Vie,outside
PUT,WIN,0.41,69.8,upper,at,0.051,64.8,7.4,Yes,low,sideways,5,Mié,upper
CALL,LOSS,-3.22,47.0,neutral,at,0.011,69.4,22.6,Yes,low,sideways,5,Mié,middle
CALL,LOSS,-2.06,37.7,lower,at,0.057,65.5,26.4,Yes,low,sideways,6,Mié,middle
PUT,WIN,0.85,51.1,neutral,at,0.019,76.4,23.6,Yes,low,sideways,6,Mié,middle
CALL,WIN,3.24,49.1,neutral,at,0.002,77.5,22.5,Yes,low,sideways,7,Mié,middle
CALL,WIN,3.40,63.4,upper,at,0.044,76.6,3.0,No,low,sideways,8,Mié,middle
PUT,WIN,1.46,51.0,neutral,at,0.001,81.7,18.3,No,low,sideways,8,Mié,middle
CALL,WIN,0.84,46.2,neutral,at,0.021,76.7,23.3,Yes,low,sideways,9,Mié,middle
PUT,LOSS,-2.36,39.2,lower,at,0.041,53.8,23.1,No,low,sideways,9,Mié,lower
CALL,LOSS,-2.45,47.0,neutral,at,0.017,66.7,2.7,Yes,low,sideways,10,Mié,middle
PUT,LOSS,-1.38,53.6,neutral,at,0.023,60.8,25.5,Yes,low,sideways,10,Mié,middle
CALL,WIN,0.15,84.3,overbought,above,0.161,55.7,24.3,No,low,up,11,Mié,upper
PUT,WIN,5.93,52.1,neutral,at,0.007,53.6,37.5,Yes,low,sideways,12,Mié,middle
PUT,LOSS,-3.62,30.6,lower,at,0.098,51.7,39.7,No,low,sideways,12,Mié,outside
CALL,LOSS,-6.00,63.7,upper,at,0.062,55.4,5.4,No,low,sideways,13,Mié,middle
CALL,LOSS,-3.47,39.1,lower,at,0.058,87.5,12.5,Yes,low,sideways,13,Mié,middle
PUT,WIN,3.33,55.5,neutral,at,0.067,68.7,22.7,Yes,low,sideways,14,Mié,middle
PUT,LOSS,-6.00,50.9,neutral,at,0.025,52.4,8.5,No,low,sideways,15,Mié,middle
CALL,WIN,0.45,68.7,upper,above,0.106,54.7,9.3,No,low,up,15,Mié,upper
CALL,WIN,1.99,52.9,neutral,at,0.005,58.2,14.9,Yes,low,sideways,16,Mié,middle
PUT,WIN,0.42,67.5,upper,at,0.054,68.2,30.3,Yes,low,sideways,16,Mié,middle
CALL,WIN,0.15,52.3,neutral,at,0.003,59.2,3.9,Yes,low,sideways,17,Mié,middle
PUT,WIN,4.56,56.5,neutral,at,0.021,66.1,18.6,Yes,low,sideways,18,Mié,middle
CALL,WIN,1.21,35.8,lower,at,0.074,63.3,12.0,Yes,low,sideways,18,Mié,middle
CALL,WIN,0.43,51.5,neutral,at,0.004,63.3,7.0,Yes,low,sideways,19,Mié,middle
PUT,LOSS,-0.12,42.7,neutral,at,0.027,81.4,1.0,Yes,low,sideways,19,Mié,middle
CALL,LOSS,-1.75,64.6,upper,at,0.040,91.8,8.2,Yes,low,sideways,20,Mié,upper
CALL,LOSS,-0.12,45.1,neutral,at,0.018,58.4,17.6,Yes,low,sideways,20,Mié,middle
PUT,LOSS,-0.43,56.8,neutral,at,0.018,56.4,17.9,Yes,low,sideways,21,Mié,middle
PUT,WIN,0.49,56.0,neutral,at,0.025,78.9,21.1,Yes,low,sideways,0,Jue,middle
CALL,LOSS,-3.73,49.5,neutral,at,0.001,74.6,21.1,Yes,low,sideways,0,Jue,middle
PUT,WIN,0.40,26.0,oversold,below,0.127,53.5,17.1,No,low,down,1,Jue,outside
CALL,WIN,1.34,38.9,lower,at,0.054,74.0,8.7,Yes,low,sideways,1,Jue,middle
PUT,WIN,2.97,44.9,neutral,at,0.021,84.9,12.8,Yes,low,sideways,2,Jue,middle
CALL,WIN,0.47,45.8,neutral,at,0.003,58.7,0.0,Yes,low,sideways,3,Jue,middle
PUT,WIN,1.54,43.0,neutral,at,0.021,66.3,33.7,Yes,low,sideways,3,Jue,middle
CALL,WIN,2.25,55.1,neutral,at,0.027,64.1,10.3,Yes,low,sideways,4,Jue,middle
CALL,LOSS,-0.77,61.0,upper,at,0.024,50.0,17.0,Yes,low,sideways,4,Jue,middle
PUT,WIN,1.35,43.3,neutral,at,0.023,53.0,27.3,Yes,low,sideways,5,Jue,middle
PUT,LOSS,-1.36,62.7,upper,at,0.066,63.1,36.9,Yes,low,sideways,6,Jue,middle