Direction,EntryPrice,ExitPrice,PnL,BarsHeld,ExitReason,RSI,ATR,Volatility,Trend,AgainstTrend,PinBarType,WickRatio,BodyRatio,NearBB,MaxFavorable%,MaxAdverse%,ReachedTP,ReachedSL,ImmediateReversal,NearMiss,Hour,DayOfWeek
CALL,3933.05,3928.61,-2.26,30,TIMEOUT,46.2,3.0922,low,sideways,Yes,bullish,85.8,14.2,No,0.08,0.23,No,No,No,No,7,2
CALL,3926.24,3914.46,-6.00,11,SL,37.2,2.9466,low,down,Yes,bullish,82.3,15.4,Yes,0.00,0.33,No,Yes,No,No,8,2
PUT,3892.66,3904.34,-6.00,6,SL,37.8,3.4082,low,sideways,No,bearish,85.4,2.8,No,0.00,0.37,No,Yes,No,No,9,2
PUT,3898.92,3907.84,-4.58,30,TIMEOUT,38.0,2.5173,low,down,No,bearish,51.7,20.0,No,0.03,0.27,No,No,No,No,9,2
PUT,3911.97,3923.71,-6.00,19,SL,65.6,2.7435,low,up,Yes,bearish,51.8,13.2,Yes,0.02,0.32,No,Yes,No,No,10,2
PUT,3924.41,3928.37,-2.02,30,TIMEOUT,63.3,2.5661,low,up,Yes,bearish,71.4,9.3,Yes,0.08,0.14,No,No,No,No,11,2
CALL,3918.59,3906.83,-6.00,12,SL,36.9,2.6156,low,down,Yes,bullish,80.1,15.4,Yes,0.06,0.33,No,Yes,No,No,12,2
CALL,3929.81,3918.02,-6.00,16,SL,59.9,2.8208,low,sideways,No,bullish,65.4,0.3,No,0.10,0.36,No,Yes,No,No,13,2
PUT,3943.77,3955.60,-6.00,24,SL,48.4,2.3906,low,sideways,No,bearish,77.2,11.4,No,0.03,0.32,No,Yes,No,No,14,2
PUT,3958.39,3963.54,-2.60,30,TIMEOUT,67.8,2.4144,low,up,Yes,bearish,71.7,9.6,Yes,0.04,0.16,No,No,No,No,15,2
CALL,3965.86,3963.83,-1.02,30,TIMEOUT,66.1,1.3166,low,sideways,No,bullish,78.4,9.6,No,0.09,0.27,No,No,No,No,15,2
CALL,3968.52,3965.35,-1.60,30,TIMEOUT,70.2,2.3264,low,up,No,bullish,53.3,28.0,No,0.04,0.17,No,No,No,No,17,2
CALL,3961.79,3954.97,-3.44,30,TIMEOUT,48.0,2.2471,low,sideways,Yes,bullish,84.2,15.8,No,0.09,0.18,No,No,No,No,17,2
CALL,3955.90,3953.14,-1.40,30,TIMEOUT,51.4,1.4395,low,sideways,No,bullish,72.3,23.5,Yes,0.17,0.10,No,No,No,No,19,2
PUT,3947.83,3959.67,-6.00,29,SL,65.8,1.8292,low,sideways,Yes,bearish,51.2,1.7,No,0.01,0.32,No,Yes,No,No,23,2
CALL,3976.35,3976.26,-0.05,30,TIMEOUT,51.6,2.6707,low,sideways,No,bullish,69.3,30.7,No,0.07,0.25,No,No,No,No,1,3
CALL,3995.40,3995.38,-0.01,30,TIMEOUT,81.1,2.7438,low,up,No,bullish,50.8,17.9,No,0.08,0.14,No,No,No,No,7,3
PUT,4010.09,4017.10,-3.50,30,TIMEOUT,63.6,1.7439,low,sideways,Yes,bearish,53.7,14.9,Yes,0.07,0.21,No,No,No,No,8,3
CALL,4023.00,4022.84,-0.08,30,TIMEOUT,69.1,1.8984,low,up,No,bullish,70.8,14.6,No,0.17,0.14,No,No,No,No,9,3
CALL,4006.76,3997.25,-4.75,30,TIMEOUT,39.7,2.2342,low,sideways,Yes,bullish,57.5,11.7,Yes,0.08,0.25,No,No,No,No,15,3
CALL,3997.64,3991.81,-2.92,30,TIMEOUT,46.7,1.4996,low,sideways,Yes,bullish,68.7,5.4,Yes,0.06,0.15,No,No,No,No,16,3
PUT,3992.26,3993.50,-0.62,30,TIMEOUT,34.6,1.1661,low,sideways,No,bearish,54.7,17.2,No,0.15,0.14,No,No,No,No,17,3
PUT,3994.23,4006.21,-6.00,23,SL,55.4,1.5576,low,sideways,Yes,bearish,83.3,16.7,Yes,0.38,0.32,No,Yes,No,Yes,17,3
CALL,3990.99,3979.02,-6.00,19,SL,44.9,6.3207,medium,sideways,Yes,bullish,56.7,0.0,Yes,0.16,0.34,No,Yes,No,No,18,3
CALL,3961.94,3950.05,-6.00,25,SL,48.0,6.4857,medium,sideways,Yes,bullish,55.0,7.7,No,0.32,0.39,No,Yes,No,Yes,19,3
CALL,3941.87,3930.04,-6.00,8,SL,43.5,2.3781,low,sideways,Yes,bullish,58.2,29.7,Yes,0.00,0.34,No,Yes,No,No,20,3
PUT,3930.07,3941.86,-6.00,81,SL,32.1,2.5903,low,down,No,bearish,51.5,19.8,No,0.33,0.47,No,Yes,No,Yes,20,3
CALL,3957.21,3945.34,-6.00,10,SL,48.2,1.9801,low,sideways,Yes,bullish,77.2,8.0,Yes,0.01,0.40,No,Yes,No,No,0,4
CALL,3955.27,3950.47,-2.43,30,TIMEOUT,55.2,2.8241,low,sideways,No,bullish,69.3,22.1,No,0.12,0.25,No,No,No,No,1,4
CALL,3949.07,3937.22,-6.00,10,SL,41.1,2.1636,low,sideways,Yes,bullish,53.6,5.2,Yes,0.06,0.35,No,Yes,No,No,1,4
PUT,3934.63,3939.12,-2.28,30,TIMEOUT,28.7,3.3629,low,down,No,bearish,67.7,8.2,No,0.21,0.18,No,No,No,No,2,4
PUT,3942.43,3954.26,-6.00,10,SL,62.0,2.0558,low,sideways,Yes,bearish,63.2,27.1,Yes,0.01,0.36,No,Yes,No,No,4,4
CALL,3977.81,3965.88,-6.00,20,SL,61.7,3.9967,medium,sideways,No,bullish,81.7,6.5,No,0.01,0.35,No,Yes,No,No,4,4
PUT,3963.10,3963.39,-0.15,30,TIMEOUT,34.3,3.0654,low,down,No,bearish,85.3,5.8,No,0.39,0.05,No,No,No,Yes,5,4
PUT,3960.98,3970.01,-4.56,30,TIMEOUT,45.9,3.5536,low,sideways,No,bearish,81.5,9.6,No,0.10,0.24,No,No,No,No,6,4
CALL,3971.57,3959.66,-6.00,23,SL,52.4,2.9728,low,sideways,No,bullish,87.9,3.8,No,0.02,0.31,No,Yes,No,No,7,4
CALL,3963.31,3963.11,-0.10,30,TIMEOUT,42.7,2.8812,low,sideways,Yes,bullish,94.9,4.0,Yes,0.10,0.18,No,No,No,No,7,4
PUT,3966.91,3972.45,-2.79,30,TIMEOUT,59.2,2.7441,low,sideways,Yes,bearish,89.9,0.4,Yes,0.05,0.20,No,No,No,No,8,4
PUT,3972.47,3984.39,-6.00,15,SL,56.1,2.1346,low,sideways,Yes,bearish,84.9,10.5,Yes,0.02,0.31,No,Yes,No,No,8,4
CALL,3981.03,3979.16,-0.94,30,TIMEOUT,36.6,3.2040,low,sideways,Yes,bullish,81.6,17.9,No,0.15,0.06,No,No,No,No,10,4
CALL,3979.60,3967.66,-6.00,7,SL,40.2,2.1547,low,sideways,Yes,bullish,67.4,32.6,Yes,0.02,0.31,No,Yes,No,No,11,4
CALL,3970.11,3969.49,-0.31,30,TIMEOUT,35.2,3.6158,low,down,Yes,bullish,70.7,29.3,Yes,0.26,0.23,No,No,No,Yes,12,4
CALL,4011.09,3999.06,-6.00,10,SL,74.5,4.1993,medium,up,No,bullish,70.8,7.7,No,0.05,0.35,No,Yes,No,No,14,4
CALL,4000.56,3988.56,-6.00,11,SL,47.5,4.0946,medium,sideways,Yes,bullish,67.1,21.1,Yes,0.01,0.30,No,Yes,No,No,14,4
PUT,3997.21,3999.43,-1.11,30,TIMEOUT,52.1,3.6956,low,sideways,Yes,bearish,62.3,2.2,Yes,0.22,0.16,No,No,No,No,14,4
PUT,3998.81,3999.16,-0.18,30,TIMEOUT,54.9,1.7885,low,sideways,Yes,bearish,96.2,3.8,Yes,0.04,0.13,No,No,No,No,16,4
PUT,3996.09,4008.08,-6.00,26,SL,35.8,1.7315,low,sideways,No,bearish,67.1,28.9,No,0.03,0.33,No,Yes,No,No,17,4
PUT,4015.95,4021.26,-2.64,30,TIMEOUT,62.3,1.7707,low,sideways,Yes,bearish,63.5,35.1,Yes,0.01,0.25,No,No,No,No,18,4
PUT,4021.14,4023.06,-0.95,30,TIMEOUT,48.6,1.4111,low,sideways,No,bearish,60.9,23.2,No,0.03,0.12,No,No,No,No,19,4
CALL,4029.10,4021.78,-3.63,30,TIMEOUT,42.8,1.9502,low,sideways,Yes,bullish,68.3,2.1,Yes,0.06,0.23,No,No,No,No,0,5
CALL,4028.12,4027.99,-0.06,30,TIMEOUT,54.6,2.5474,low,sideways,No,bullish,66.7,33.3,No,0.27,0.01,No,No,No,Yes,1,5
CALL,4004.68,3992.67,-6.00,8,SL,37.4,2.8375,low,down,Yes,bullish,75.0,12.3,Yes,0.10,0.33,No,Yes,No,No,3,5
PUT,3996.36,4000.78,-2.21,30,TIMEOUT,42.9,1.4457,low,sideways,No,bearish,80.2,14.0,No,0.18,0.12,No,No,No,No,3,5
CALL,4000.55,4000.20,-0.17,30,TIMEOUT,57.4,1.9655,low,sideways,No,bullish,52.1,29.2,No,0.25,0.03,No,No,No,No,4,5
PUT,4007.21,4009.16,-0.97,30,TIMEOUT,57.4,2.1464,low,sideways,Yes,bearish,94.2,0.0,No,0.11,0.20,No,No,No,No,5,5
CALL,4011.59,4010.39,-0.60,30,TIMEOUT,55.6,2.2247,low,sideways,No,bullish,55.4,32.1,No,0.01,0.16,No,No,No,No,6,5
PUT,4018.43,4022.22,-1.89,30,TIMEOUT,51.9,2.0880,low,sideways,Yes,bearish,68.9,29.8,No,0.07,0.21,No,No,No,No,7,5
CALL,4021.22,4014.89,-3.15,30,TIMEOUT,45.7,1.6120,low,sideways,Yes,bullish,60.4,31.1,Yes,0.12,0.16,No,No,No,No,8,5
PUT,4002.52,4008.56,-3.02,30,TIMEOUT,36.9,1.8175,low,sideways,No,bearish,90.1,9.9,No,0.06,0.18,No,No,No,No,9,5
CALL,4012.54,4010.03,-1.25,30,TIMEOUT,70.3,1.8203,low,up,No,bullish,55.0,23.3,No,0.11,0.07,No,No,No,No,10,5
CALL,4010.50,4006.42,-2.03,30,TIMEOUT,44.9,1.5648,low,sideways,Yes,bullish,53.8,32.7,Yes,0.00,0.17,No,No,No,No,10,5
PUT,4006.09,4009.36,-1.63,30,TIMEOUT,43.5,1.4391,low,sideways,No,bearish,99.2,0.8,Yes,0.10,0.09,No,No,No,No,11,5
PUT,4007.02,4013.09,-3.03,30,TIMEOUT,51.1,1.3685,low,sideways,Yes,bearish,51.4,16.2,Yes,0.01,0.18,No,No,No,No,11,5
CALL,4026.96,4021.89,-2.52,30,TIMEOUT,55.0,2.6989,low,sideways,No,bullish,54.4,23.3,No,0.21,0.18,No,No,No,No,13,5
PUT,4017.87,4023.94,-3.02,30,TIMEOUT,34.0,3.5012,low,down,No,bearish,88.0,10.7,No,0.18,0.23,No,No,No,No,13,5
CALL,4020.02,4016.67,-1.67,30,TIMEOUT,47.2,3.0267,low,sideways,Yes,bullish,69.9,23.3,No,0.14,0.17,No,No,No,No,14,5
CALL,3996.19,3984.20,-6.00,3,SL,24.5,3.6620,low,down,Yes,bullish,86.6,3.1,Yes,0.04,0.42,No,Yes,Yes,No,16,5
PUT,3980.93,3984.79,-1.94,30,TIMEOUT,41.8,2.4805,low,sideways,No,bearish,93.8,0.7,No,0.00,0.24,No,No,No,No,16,5
PUT,3986.22,3998.18,-6.00,10,SL,52.9,2.4797,low,sideways,Yes,bearish,58.8,19.4,Yes,0.04,0.33,No,Yes,No,No,17,5
CALL,4000.67,3996.17,-2.25,30,TIMEOUT,35.9,1.3732,low,sideways,Yes,bullish,56.8,21.6,Yes,0.12,0.23,No,No,No,No,18,5
PUT,3996.38,3998.36,-0.99,30,TIMEOUT,43.0,1.6494,low,sideways,No,bearish,55.0,26.0,No,0.04,0.14,No,No,No,No,19,5
PUT,3998.20,4006.26,-4.03,30,TIMEOUT,47.1,1.0794,low,sideways,No,bearish,58.8,38.2,Yes,0.05,0.20,No,No,No,No,20,5
CALL,4003.71,3991.70,-6.00,3075,SL,53.7,1.0235,low,sideways,No,bullish,82.3,17.7,Yes,0.67,1.87,Yes,Yes,No,Yes,20,5
CALL,3970.87,3967.72,-1.59,30,TIMEOUT,40.0,1.5081,low,sideways,Yes,bullish,91.0,9.0,Yes,0.01,0.22,No,No,No,No,5,3
CALL,3969.57,3966.19,-1.70,30,TIMEOUT,48.1,1.3870,low,sideways,Yes,bullish,52.9,5.8,Yes,0.06,0.14,No,No,No,No,6,3
PUT,3965.18,3969.65,-2.25,30,TIMEOUT,43.9,1.3205,low,sideways,No,bearish,74.3,25.7,Yes,0.01,0.17,No,No,No,No,7,3
PUT,3974.14,3986.06,-6.00,9,SL,70.2,1.4440,low,sideways,Yes,bearish,54.0,3.6,Yes,0.04,0.30,No,Yes,No,No,7,3
CALL,3981.78,3969.83,-6.00,30,SL,50.5,1.2280,low,sideways,No,bullish,52.0,25.0,Yes,0.05,0.39,No,Yes,No,No,8,3
CALL,3965.97,3962.87,-1.56,30,TIMEOUT,52.4,1.2093,low,sideways,No,bullish,74.4,25.1,Yes,0.10,0.14,No,No,No,No,10,3
PUT,3961.64,3963.50,-0.94,30,TIMEOUT,38.4,1.5757,low,sideways,No,bearish,92.2,7.8,No,0.10,0.06,No,No,No,No,11,3
PUT,3966.74,3968.34,-0.81,30,TIMEOUT,61.4,1.3729,low,sideways,Yes,bearish,75.5,18.1,Yes,0.11,0.08,No,No,No,No,11,3
PUT,3966.96,3967.89,-0.47,30,TIMEOUT,51.1,1.1837,low,sideways,No,bearish,73.8,10.7,Yes,0.09,0.11,No,No,No,No,12,3
PUT,3974.56,3979.49,-2.48,30,TIMEOUT,56.5,2.0452,low,sideways,Yes,bearish,98.6,1.4,Yes,0.08,0.15,No,No,No,No,13,3
CALL,3983.14,3971.19,-6.00,23,SL,68.6,1.3962,low,sideways,No,bullish,83.2,8.8,No,0.06,0.33,No,Yes,No,No,14,3
CALL,3974.17,3970.59,-1.80,30,TIMEOUT,40.8,2.9327,low,sideways,Yes,bullish,62.4,25.6,No,0.09,0.24,No,No,No,No,14,3
PUT,3976.11,3977.34,-0.62,30,TIMEOUT,59.1,3.0356,low,up,Yes,bearish,83.5,16.5,Yes,0.00,0.21,No,No,No,No,15,3
PUT,3982.28,3983.55,-0.64,30,TIMEOUT,55.6,1.6250,low,sideways,Yes,bearish,78.7,21.3,Yes,0.00,0.20,No,No,No,No,16,3
PUT,3987.41,3988.21,-0.40,30,TIMEOUT,65.6,0.9573,low,sideways,Yes,bearish,50.0,26.3,Yes,0.02,0.07,No,No,No,No,19,3
CALL,3983.28,3971.33,-6.00,85,SL,53.1,0.5808,low,sideways,No,bullish,61.7,25.5,Yes,0.00,0.41,No,Yes,No,No,21,3
PUT,3971.25,3972.40,-0.58,30,TIMEOUT,37.0,1.0227,low,sideways,No,bearish,76.3,6.1,No,0.01,0.11,No,No,No,No,0,4
CALL,3973.37,3966.92,-3.25,30,TIMEOUT,51.1,1.1665,low,sideways,No,bullish,72.7,23.5,Yes,0.10,0.21,No,No,No,No,0,4
PUT,3983.49,3987.14,-1.83,30,TIMEOUT,56.9,1.1118,low,sideways,Yes,bearish,53.5,3.0,Yes,0.10,0.09,No,No,No,No,3,4
CALL,3987.70,3985.94,-0.88,30,TIMEOUT,64.6,1.1516,low,sideways,No,bullish,94.2,5.8,No,0.07,0.06,No,No,No,No,3,4
PUT,3986.14,3986.45,-0.16,30,TIMEOUT,46.2,0.7428,low,sideways,No,bearish,73.2,15.5,Yes,0.04,0.04,No,No,No,No,4,4
PUT,3986.40,3988.27,-0.94,30,TIMEOUT,47.7,0.8860,low,sideways,No,bearish,55.0,0.0,Yes,0.01,0.10,No,No,No,No,4,4
CALL,3989.93,3988.98,-0.48,30,TIMEOUT,63.5,0.6503,low,sideways,No,bullish,59.1,27.3,Yes,0.01,0.09,No,No,No,No,5,4
CALL,3987.19,3987.09,-0.05,30,TIMEOUT,43.2,1.1746,low,sideways,Yes,bullish,53.9,17.1,Yes,0.07,0.05,No,No,No,No,5,4
CALL,4015.03,4012.81,-1.11,30,TIMEOUT,59.0,1.3352,low,sideways,No,bullish,65.5,9.5,No,0.00,0.10,No,No,No,No,9,4
CALL,4012.76,4008.47,-2.14,30,TIMEOUT,49.3,1.0667,low,sideways,Yes,bullish,50.0,24.5,Yes,0.01,0.13,No,No,No,No,9,4
PUT,4005.91,4008.92,-1.50,30,TIMEOUT,46.0,0.9993,low,sideways,No,bearish,58.1,11.8,Yes,0.01,0.12,No,No,No,No,10,4
PUT,4010.48,4015.08,-2.29,30,TIMEOUT,58.9,2.0147,low,sideways,Yes,bearish,62.5,37.5,Yes,0.03,0.14,No,No,No,No,13,4
CALL,4014.43,4006.69,-3.86,30,TIMEOUT,54.6,1.3786,low,sideways,No,bullish,50.6,22.4,Yes,0.04,0.19,No,No,No,No,13,4
CALL,4007.86,3995.84,-6.00,10,SL,39.4,1.7555,low,sideways,Yes,bullish,56.8,23.7,Yes,0.02,0.30,No,Yes,No,No,14,4
CALL,3984.83,3981.23,-1.81,30,TIMEOUT,24.8,3.0444,low,down,Yes,bullish,88.3,8.5,Yes,0.16,0.16,No,No,No,No,15,4
PUT,3983.35,3983.81,-0.23,30,TIMEOUT,41.1,2.3993,low,sideways,No,bearish,68.1,12.2,No,0.20,0.07,No,No,No,No,15,4
CALL,3985.32,3980.41,-2.46,30,TIMEOUT,55.9,2.4298,low,sideways,No,bullish,58.3,17.5,No,0.02,0.22,No,No,No,No,16,4
CALL,3981.22,3976.46,-2.39,30,TIMEOUT,53.0,2.0633,low,sideways,No,bullish,76.7,18.6,No,0.11,0.18,No,No,No,No,16,4
PUT,3967.63,3979.53,-6.00,18,SL,24.4,2.5852,low,down,No,bearish,69.9,13.0,No,0.04,0.33,No,Yes,No,No,17,4
PUT,3983.04,3985.94,-1.46,30,TIMEOUT,70.1,1.8775,low,up,Yes,bearish,55.8,37.4,Yes,0.07,0.13,No,No,No,No,17,4
CALL,3993.72,3986.16,-3.79,30,TIMEOUT,59.0,0.9036,low,sideways,No,bullish,63.2,31.6,Yes,0.00,0.26,No,No,No,No,19,4
CALL,3982.36,3980.08,-1.15,30,TIMEOUT,40.4,1.2055,low,sideways,Yes,bullish,53.8,25.3,Yes,0.03,0.11,No,No,No,No,20,4
CALL,3978.86,3977.27,-0.80,30,TIMEOUT,37.9,0.7253,low,sideways,Yes,bullish,55.8,9.3,Yes,0.07,0.05,No,No,No,No,21,4
PUT,3977.24,3983.71,-3.25,90,TIMEOUT,36.9,0.7302,low,sideways,No,bearish,86.2,3.4,Yes,0.06,0.39,No,Yes,No,No,21,4
PUT,3995.19,3997.82,-1.32,30,TIMEOUT,70.3,1.5710,low,sideways,Yes,bearish,51.1,14.7,Yes,0.00,0.16,No,No,No,No,1,5
CALL,3997.86,3995.21,-1.33,30,TIMEOUT,34.3,1.1124,low,sideways,Yes,bullish,77.2,22.8,Yes,0.02,0.15,No,No,No,No,2,5
PUT,4006.18,4007.58,-0.70,30,TIMEOUT,35.3,1.4912,low,sideways,No,bearish,57.3,29.1,No,0.04,0.08,No,No,No,No,9,5
CALL,4005.49,4001.28,-2.10,30,TIMEOUT,47.2,1.6158,low,sideways,Yes,bullish,67.5,31.1,No,0.06,0.29,No,No,No,No,11,5
PUT,3995.96,3997.26,-0.65,30,TIMEOUT,46.5,1.5300,low,sideways,No,bearish,60.0,21.3,Yes,0.09,0.15,No,No,No,No,12,5
CALL,4018.09,4006.04,-6.00,25,SL,81.6,2.8020,low,up,No,bullish,57.5,2.2,No,0.23,0.31,No,Yes,No,No,16,5
PUT,4003.98,4005.47,-0.74,30,TIMEOUT,35.9,1.1826,low,sideways,No,bearish,79.3,11.6,No,0.05,0.11,No,No,No,No,19,5
CALL,4005.58,4001.06,-2.26,30,TIMEOUT,50.1,1.3151,low,sideways,No,bullish,77.8,22.2,Yes,0.00,0.27,No,No,No,No,20,5
PUT,4000.90,4012.90,-6.00,3073,SL,51.3,1.2727,low,sideways,Yes,bearish,73.7,17.1,Yes,0.04,3.70,No,Yes,No,No,20,5
CALL,4108.64,4106.61,-0.99,30,TIMEOUT,46.0,1.2448,low,sideways,Yes,bullish,76.3,21.3,Yes,0.03,0.23,No,No,No,No,5,3
CALL,4129.53,4128.55,-0.47,30,TIMEOUT,59.5,1.6187,low,sideways,No,bullish,72.6,27.4,Yes,0.10,0.05,No,No,No,No,8,3
CALL,4127.53,4125.85,-0.81,30,TIMEOUT,59.7,1.5604,low,sideways,No,bullish,54.4,19.7,No,0.01,0.23,No,No,No,No,10,3
CALL,4126.74,4124.99,-0.85,30,TIMEOUT,57.8,1.2124,low,sideways,No,bullish,69.2,11.2,No,0.11,0.05,No,No,No,No,10,3
PUT,4125.19,4127.11,-0.93,30,TIMEOUT,40.1,1.3123,low,sideways,No,bearish,83.3,6.4,No,0.04,0.09,No,No,No,No,11,3
PUT,4126.26,4136.39,-4.91,30,TIMEOUT,47.4,1.3827,low,sideways,No,bearish,56.1,33.3,Yes,0.03,0.28,No,No,No,No,11,3
PUT,4130.61,4132.78,-1.05,30,TIMEOUT,54.4,1.5285,low,sideways,Yes,bearish,58.3,26.2,Yes,0.15,0.18,No,No,No,No,13,3
PUT,4132.25,4138.34,-2.95,30,TIMEOUT,48.0,1.7440,low,sideways,No,bearish,74.9,25.1,No,0.17,0.18,No,No,No,No,14,3
PUT,4175.29,4187.82,-6.00,13,SL,49.5,2.9474,low,sideways,No,bearish,64.2,31.0,No,0.00,0.34,No,Yes,No,No,15,3
PUT,4193.72,4206.30,-6.00,22,SL,41.0,2.5174,low,sideways,No,bearish,68.0,4.9,No,0.01,0.31,No,Yes,No,No,17,3
PUT,4192.98,4197.89,-2.34,30,TIMEOUT,31.1,2.4584,low,down,No,bearish,50.7,23.7,No,0.01,0.18,No,No,No,No,19,3
CALL,4196.47,4194.58,-0.90,30,TIMEOUT,58.3,1.0072,low,sideways,No,bullish,78.0,19.5,No,0.14,0.05,No,No,No,No,21,3
CALL,4204.89,4194.68,-4.86,30,TIMEOUT,66.6,2.3608,low,up,No,bullish,63.3,1.3,No,0.07,0.27,No,No,No,No,23,3
CALL,4192.65,4189.42,-1.54,30,TIMEOUT,36.5,1.2442,low,sideways,Yes,bullish,63.4,31.2,Yes,0.02,0.12,No,No,No,No,23,3
CALL,4202.39,4189.78,-6.00,14,SL,49.6,2.4943,low,sideways,Yes,bullish,50.5,35.6,No,0.03,0.35,No,Yes,No,No,1,4
CALL,4190.43,4188.82,-0.77,30,TIMEOUT,46.1,2.7791,low,sideways,Yes,bullish,71.5,23.1,No,0.01,0.24,No,No,No,No,1,4
CALL,4193.56,4187.90,-2.70,30,TIMEOUT,63.1,2.3116,low,up,No,bullish,90.1,2.8,No,0.06,0.18,No,No,No,No,1,4
PUT,4200.99,4208.08,-3.38,30,TIMEOUT,59.3,1.9459,low,sideways,Yes,bearish,78.1,20.5,No,0.10,0.21,No,No,No,No,3,4
PUT,4208.49,4212.65,-1.98,30,TIMEOUT,42.2,1.4563,low,sideways,No,bearish,59.5,5.2,No,0.12,0.10,No,No,No,No,4,4
CALL,4213.58,4208.70,-2.32,30,TIMEOUT,46.8,1.9181,low,sideways,Yes,bullish,68.3,12.8,Yes,0.05,0.24,No,No,No,No,5,4
PUT,4207.04,4211.43,-2.09,30,TIMEOUT,43.5,1.6662,low,sideways,No,bearish,53.8,26.0,Yes,0.04,0.11,No,No,No,No,6,4
PUT,4214.40,4225.58,-5.31,30,TIMEOUT,51.7,1.7215,low,sideways,No,bearish,55.6,9.6,No,0.04,0.29,No,No,No,No,7,4
CALL,4238.18,4225.47,-6.00,11,SL,64.7,1.7276,low,sideways,No,bullish,57.3,20.1,No,0.03,0.30,No,Yes,No,No,9,4
CALL,4229.61,4225.79,-1.81,30,TIMEOUT,50.7,2.2657,low,sideways,No,bullish,74.7,23.1,No,0.05,0.24,No,No,No,No,11,4
PUT,4231.75,4236.58,-2.28,30,TIMEOUT,61.3,1.6188,low,sideways,Yes,bearish,50.6,29.9,Yes,0.04,0.13,No,No,No,No,11,4
CALL,4214.76,4202.12,-6.00,20,SL,34.2,2.6592,low,down,Yes,bullish,64.8,5.9,Yes,0.12,0.44,No,Yes,No,No,14,4
CALL,4198.52,4197.05,-0.70,30,TIMEOUT,45.9,3.0826,low,sideways,Yes,bullish,55.2,2.8,Yes,0.12,0.28,No,No,No,No,15,4
PUT,4194.74,4203.77,-4.31,30,TIMEOUT,35.8,2.5770,low,sideways,No,bearish,80.5,4.8,No,0.00,0.29,No,No,No,No,17,4
CALL,4156.38,4156.28,-0.05,30,TIMEOUT,30.7,6.7521,medium,down,Yes,bullish,72.6,27.4,No,0.14,0.25,No,No,No,No,18,4
PUT,4153.73,4166.19,-6.00,21,SL,45.5,2.8389,low,sideways,No,bearish,50.6,1.2,No,0.07,0.30,No,Yes,No,No,19,4
PUT,4183.77,4188.29,-2.16,30,TIMEOUT,51.8,1.8095,low,sideways,Yes,bearish,74.5,12.8,Yes,0.10,0.15,No,No,No,No,0,5
PUT,4201.25,4208.70,-3.55,30,TIMEOUT,73.3,1.8272,low,up,Yes,bearish,52.7,21.2,Yes,0.06,0.22,No,No,No,No,2,5
PUT,4207.14,4210.32,-1.51,30,TIMEOUT,56.2,1.7911,low,sideways,Yes,bearish,92.5,7.5,Yes,0.09,0.10,No,No,No,No,3,5
CALL,4208.65,4202.52,-2.91,30,TIMEOUT,51.1,1.2894,low,sideways,Yes,bullish,71.6,28.4,Yes,0.01,0.17,No,No,No,No,3,5
CALL,4189.64,4189.38,-0.12,30,TIMEOUT,46.2,2.2953,low,sideways,No,bullish,65.3,34.7,No,0.17,0.07,No,No,No,No,5,5
CALL,4180.05,4176.42,-1.74,30,TIMEOUT,67.1,1.7768,low,sideways,No,bullish,74.5,20.1,No,0.10,0.16,No,No,No,No,7,5
CALL,4180.50,4167.96,-6.00,20,SL,60.9,2.5618,low,up,No,bullish,64.2,35.8,No,0.00,0.33,No,Yes,No,No,9,5
CALL,4169.52,4169.00,-0.25,30,TIMEOUT,44.4,1.9317,low,sideways,Yes,bullish,78.0,22.0,Yes,0.06,0.16,No,No,No,No,9,5
PUT,4164.61,4166.79,-1.05,30,TIMEOUT,40.9,2.2785,low,sideways,No,bearish,56.8,20.7,No,0.11,0.15,No,No,No,No,10,5
CALL,4170.47,4157.96,-6.00,17,SL,62.9,1.4484,low,sideways,No,bullish,61.7,38.3,No,0.02,0.38,No,Yes,No,No,10,5
PUT,4153.21,4153.77,-0.27,30,TIMEOUT,23.2,2.9575,low,down,No,bearish,54.0,30.3,No,0.26,0.11,No,No,No,Yes,11,5
CALL,4060.85,4048.67,-6.00,4,SL,31.5,6.2664,medium,down,Yes,bullish,69.1,28.0,No,0.07,0.35,No,Yes,No,No,13,5
CALL,4053.55,4041.39,-6.00,26,SL,50.4,4.8345,medium,sideways,No,bullish,70.5,17.8,No,0.16,0.40,No,Yes,No,No,14,5
PUT,4053.10,4065.26,-6.00,3,SL,52.3,6.3550,medium,sideways,Yes,bearish,61.8,28.1,No,0.00,0.37,No,Yes,Yes,No,14,5
PUT,4077.07,4079.01,-0.95,30,TIMEOUT,54.9,4.3751,medium,sideways,Yes,bearish,75.0,21.6,No,0.13,0.15,No,No,No,No,15,5
CALL,4104.02,4097.79,-3.04,30,TIMEOUT,49.9,2.2127,low,sideways,Yes,bullish,67.7,24.5,Yes,0.16,0.24,No,No,No,No,16,5
PUT,4089.48,4099.81,-5.05,30,TIMEOUT,33.1,3.4104,low,down,No,bearish,64.8,23.6,No,0.21,0.29,No,No,No,No,18,5
CALL,4096.90,4095.15,-0.85,30,TIMEOUT,53.6,2.5419,low,sideways,No,bullish,62.2,11.9,No,0.15,0.17,No,No,No,No,18,5
CALL,4095.61,4092.51,-1.51,30,TIMEOUT,51.3,2.0199,low,sideways,No,bullish,72.5,8.7,No,0.00,0.17,No,No,No,No,19,5
PUT,4089.84,4094.53,-2.29,30,TIMEOUT,37.3,1.6838,low,sideways,No,bearish,54.5,27.3,No,0.01,0.13,No,No,No,No,6,3
CALL,4092.31,4089.14,-1.55,30,TIMEOUT,45.8,1.2783,low,sideways,Yes,bullish,85.5,2.4,Yes,0.01,0.18,No,No,No,No,7,3
PUT,4112.89,4113.36,-0.23,30,TIMEOUT,79.0,3.0434,low,up,Yes,bearish,53.9,22.5,Yes,0.09,0.15,No,No,No,No,9,3
PUT,4113.13,4119.02,-2.86,30,TIMEOUT,39.4,1.2786,low,sideways,No,bearish,72.0,28.0,No,0.02,0.16,No,No,No,No,12,3
CALL,4115.84,4103.49,-6.00,14,SL,57.4,2.0916,low,sideways,No,bullish,66.7,24.6,No,0.07,0.33,No,Yes,No,No,14,3
PUT,4115.86,4128.21,-6.00,23,SL,60.9,2.6234,low,up,Yes,bearish,63.6,31.0,Yes,0.15,0.32,No,Yes,No,No,14,3
CALL,4112.76,4100.42,-6.00,12,SL,36.0,3.0885,low,down,Yes,bullish,93.6,6.4,Yes,0.00,0.54,No,Yes,No,No,15,3
CALL,4097.34,4085.05,-6.00,2,SL,36.8,4.0164,low,down,Yes,bullish,64.9,19.4,No,0.03,0.32,No,Yes,Yes,No,16,3
CALL,4070.71,4058.50,-6.00,26,SL,31.7,3.6057,low,down,Yes,bullish,81.7,0.9,Yes,0.18,0.33,No,Yes,No,No,16,3
CALL,4081.56,4077.78,-1.85,30,TIMEOUT,53.6,1.9555,low,sideways,No,bullish,50.7,31.1,No,0.23,0.20,No,No,No,No,18,3
PUT,4073.97,4075.91,-0.95,30,TIMEOUT,38.1,2.8377,low,down,No,bearish,67.2,15.0,No,0.11,0.07,No,No,No,No,19,3
PUT,4068.19,4080.39,-6.00,14,SL,37.7,2.2086,low,sideways,No,bearish,61.8,34.4,No,0.01,0.33,No,Yes,No,No,21,3
PUT,4083.15,4085.91,-1.35,90,TIMEOUT,72.2,1.8798,low,up,Yes,bearish,74.9,25.1,Yes,0.16,0.66,No,Yes,No,No,21,3
CALL,4108.07,4103.07,-2.43,30,TIMEOUT,64.4,2.0787,low,sideways,No,bullish,74.3,8.2,No,0.03,0.14,No,No,No,No,0,4
CALL,4103.58,4096.67,-3.37,30,TIMEOUT,43.0,1.5113,low,sideways,Yes,bullish,62.9,36.5,Yes,0.13,0.17,No,No,No,No,0,4
CALL,4097.85,4095.44,-1.18,30,TIMEOUT,38.7,2.3129,low,sideways,Yes,bullish,69.0,27.0,Yes,0.03,0.23,No,No,No,No,1,4
CALL,4083.85,4071.60,-6.00,5,SL,28.6,2.6285,low,down,Yes,bullish,59.9,28.6,Yes,0.02,0.31,No,Yes,No,No,1,4
CALL,4063.10,4050.91,-6.00,10,SL,19.2,3.9693,low,down,Yes,bullish,55.6,19.1,No,0.09,0.32,No,Yes,No,No,2,4
PUT,4067.06,4079.26,-6.00,7,SL,58.4,2.0641,low,sideways,Yes,bearish,93.0,0.0,No,0.01,0.32,No,Yes,No,No,2,4
CALL,4076.80,4070.27,-3.20,30,TIMEOUT,47.8,1.4184,low,sideways,Yes,bullish,53.5,5.8,Yes,0.00,0.21,No,No,No,No,4,4
PUT,4066.71,4067.81,-0.54,30,TIMEOUT,33.6,1.9454,low,sideways,No,bearish,57.7,32.6,No,0.05,0.14,No,No,No,No,5,4
PUT,4070.27,4075.63,-2.63,30,TIMEOUT,60.6,1.9306,low,sideways,Yes,bearish,71.0,22.8,Yes,0.16,0.13,No,No,No,No,6,4
PUT,4067.67,4067.99,-0.16,30,TIMEOUT,54.4,2.4887,low,sideways,Yes,bearish,61.1,6.1,Yes,0.29,0.02,No,No,No,Yes,9,4
CALL,4063.68,4060.64,-1.50,30,TIMEOUT,52.2,1.6408,low,sideways,No,bullish,51.2,18.6,No,0.08,0.15,No,No,No,No,10,4
PUT,4060.30,4068.52,-4.05,30,TIMEOUT,64.3,1.4600,low,sideways,Yes,bearish,89.0,10.5,Yes,0.09,0.23,No,No,No,No,11,4
PUT,4073.24,4077.50,-2.09,30,TIMEOUT,76.5,2.1800,low,up,Yes,bearish,86.7,2.6,Yes,0.12,0.15,No,No,No,No,12,4
CALL,4082.64,4077.21,-2.66,30,TIMEOUT,46.7,5.5064,medium,sideways,Yes,bullish,85.3,13.6,No,0.32,0.25,No,No,No,Yes,13,4
PUT,4077.18,4082.46,-2.59,30,TIMEOUT,44.5,3.1946,low,sideways,No,bearish,75.0,19.3,No,0.06,0.28,No,No,No,No,14,4
PUT,4087.47,4099.73,-6.00,6,SL,60.0,4.3757,medium,up,Yes,bearish,85.3,14.7,Yes,0.04,0.41,No,Yes,No,No,14,4
CALL,4090.68,4078.41,-6.00,22,SL,48.9,4.0753,low,sideways,Yes,bullish,66.4,25.6,No,0.20,0.34,No,Yes,No,No,15,4
PUT,4078.09,4082.03,-1.93,30,TIMEOUT,30.2,3.9510,low,down,No,bearish,86.2,10.6,No,0.23,0.26,No,No,No,No,15,4
PUT,4055.42,4067.59,-6.00,24,SL,49.2,3.4821,low,sideways,No,bearish,55.7,15.0,No,0.14,0.32,No,Yes,No,No,17,4
PUT,4061.24,4061.43,-0.09,30,TIMEOUT,48.5,2.4815,low,sideways,No,bearish,71.6,1.1,No,0.11,0.15,No,No,No,No,18,4
PUT,4065.97,4078.17,-6.00,10,SL,62.8,1.9926,low,sideways,Yes,bearish,67.8,10.1,Yes,0.05,0.34,No,Yes,No,No,19,4
CALL,4082.93,4082.20,-0.36,30,TIMEOUT,75.4,2.8728,low,up,No,bullish,57.7,11.7,No,0.10,0.08,No,No,No,No,19,4
CALL,4082.46,4076.51,-2.91,30,TIMEOUT,50.5,1.7791,low,sideways,Yes,bullish,86.6,13.4,Yes,0.05,0.20,No,No,No,No,20,4
CALL,4077.91,4076.61,-0.64,30,TIMEOUT,51.5,1.1382,low,sideways,No,bullish,50.0,8.6,Yes,0.07,0.04,No,No,No,No,21,4
PUT,4077.59,4081.21,-1.78,90,TIMEOUT,47.0,0.7306,low,sideways,No,bearish,51.9,7.8,Yes,0.11,0.27,No,No,No,No,21,4
PUT,4072.08,4075.65,-1.75,30,TIMEOUT,58.2,1.7731,low,sideways,Yes,bearish,72.4,27.6,Yes,0.14,0.19,No,No,No,No,2,5
PUT,4056.33,4059.23,-1.43,30,TIMEOUT,59.8,1.5271,low,sideways,Yes,bearish,60.9,39.1,Yes,0.10,0.15,No,No,No,No,3,5
CALL,4056.80,4048.77,-3.96,30,TIMEOUT,49.3,1.7562,low,sideways,Yes,bullish,69.1,30.9,No,0.10,0.22,No,No,No,No,4,5
CALL,4055.61,4043.44,-6.00,18,SL,52.8,1.6031,low,sideways,No,bullish,76.2,23.8,Yes,0.04,0.31,No,Yes,No,No,5,5
PUT,4030.00,4039.01,-4.47,30,TIMEOUT,40.6,2.8784,low,sideways,No,bearish,66.9,25.2,No,0.01,0.24,No,No,No,No,7,5
CALL,4035.05,4033.59,-0.72,30,TIMEOUT,48.7,2.1327,low,sideways,Yes,bullish,66.2,14.6,Yes,0.10,0.28,No,No,No,No,7,5
CALL,4046.47,4034.33,-6.00,19,SL,34.9,2.7662,low,sideways,Yes,bullish,77.3,9.3,Yes,0.03,0.31,No,Yes,No,No,10,5
PUT,4035.08,4042.68,-3.77,30,TIMEOUT,44.1,2.8657,low,sideways,No,bearish,68.6,0.5,No,0.04,0.29,No,No,No,No,10,5
CALL,4040.10,4035.29,-2.38,30,TIMEOUT,49.5,2.2136,low,sideways,Yes,bullish,74.3,22.9,No,0.05,0.14,No,No,No,No,11,5
PUT,4034.28,4043.69,-4.67,30,TIMEOUT,38.6,1.7068,low,sideways,No,bearish,69.7,30.3,No,0.08,0.28,No,No,No,No,11,5
CALL,4083.78,4071.53,-6.00,18,SL,72.1,2.6349,low,up,No,bullish,60.3,38.1,No,0.00,0.32,No,Yes,No,No,14,5
PUT,4068.15,4071.59,-1.69,30,TIMEOUT,34.5,2.4519,low,down,No,bearish,77.2,8.3,No,0.15,0.14,No,No,No,No,14,5
CALL,4068.90,4056.69,-6.00,9,SL,44.1,2.6479,low,sideways,Yes,bullish,61.9,22.3,Yes,0.04,0.33,No,Yes,No,No,15,5
PUT,4085.10,4087.01,-0.94,30,TIMEOUT,63.9,2.3447,low,sideways,Yes,bearish,51.6,32.6,Yes,0.08,0.06,No,No,No,No,18,5
CALL,4089.30,4087.78,-0.74,30,TIMEOUT,73.6,1.0991,low,sideways,No,bullish,54.8,36.5,No,0.07,0.11,No,No,No,No,19,5
PUT,4063.23,4075.42,-6.00,3086,SL,22.9,3.1937,low,down,No,bearish,60.1,19.0,No,0.56,2.61,Yes,Yes,No,Yes,20,5
CALL,4162.91,4156.20,-3.22,30,TIMEOUT,47.0,1.4793,low,sideways,Yes,bullish,69.4,22.6,Yes,0.05,0.17,No,No,No,No,5,3
CALL,4156.11,4151.82,-2.06,30,TIMEOUT,37.7,1.6172,low,sideways,Yes,bullish,65.5,26.4,Yes,0.09,0.21,No,No,No,No,6,3
PUT,4159.74,4164.65,-2.36,30,TIMEOUT,39.2,0.9815,low,sideways,No,bearish,53.8,23.1,No,0.05,0.12,No,No,No,No,9,3
CALL,4162.76,4157.66,-2.45,30,TIMEOUT,47.0,1.1122,low,sideways,Yes,bullish,66.7,2.7,Yes,0.06,0.14,No,No,No,No,10,3
PUT,4160.20,4163.08,-1.38,30,TIMEOUT,53.6,1.1467,low,sideways,Yes,bearish,60.8,25.5,Yes,0.06,0.08,No,No,No,No,10,3
PUT,4167.68,4173.23,-2.66,30,TIMEOUT,76.8,1.3046,low,up,Yes,bearish,56.8,40.0,Yes,0.03,0.13,No,No,No,No,11,3
CALL,4152.11,4144.90,-3.47,30,TIMEOUT,39.1,2.1131,low,sideways,Yes,bullish,87.5,12.5,Yes,0.11,0.28,No,No,No,No,13,3
PUT,4145.98,4158.42,-6.00,21,SL,50.9,2.9258,low,sideways,Yes,bearish,52.4,8.5,No,0.00,0.33,No,Yes,No,No,15,3
PUT,4164.73,4164.99,-0.12,30,TIMEOUT,42.7,1.1907,low,sideways,No,bearish,81.4,1.0,Yes,0.08,0.03,No,No,No,No,19,3
CALL,4167.03,4163.38,-1.75,30,TIMEOUT,64.6,0.7692,low,sideways,No,bullish,91.8,8.2,Yes,0.01,0.12,No,No,No,No,20,3
CALL,4163.89,4163.65,-0.12,30,TIMEOUT,45.1,1.3576,low,sideways,Yes,bullish,58.4,17.6,Yes,0.02,0.04,No,No,No,No,20,3
PUT,4164.44,4165.33,-0.43,90,TIMEOUT,56.8,0.6689,low,sideways,Yes,bearish,56.4,17.9,Yes,0.07,0.11,No,No,No,No,21,3
CALL,4165.45,4157.69,-3.73,30,TIMEOUT,49.5,0.5764,low,sideways,Yes,bullish,74.6,21.1,Yes,0.02,0.20,No,No,No,No,0,4
CALL,4153.32,4151.72,-0.77,30,TIMEOUT,61.0,0.9369,low,sideways,No,bullish,50.0,17.0,Yes,0.03,0.10,No,No,No,No,4,4
PUT,4152.79,4155.62,-1.36,18,TIMEOUT,62.7,1.3802,low,sideways,Yes,bearish,63.1,36.9,Yes,0.01,0.10,No,No,No,No,6,4